Program_ID,Industry_Feedback_Score,Student_Performance_Score,Graduate_Employment_Rate,Skill_Gap_Index,Employer_Satisfaction_Level,Curriculum_Flexibility_Score,Technology_Integration_Level,Industry_Trend_Alignment,Recommended_Curriculum_Adjustment_%,Curriculum_Adjustment_Level
VET100,78,90,74,0.34,5,74,46,38,23.4,Medium
VET101,91,86,89,0.37,5,46,49,36,23.1,Medium
VET102,68,89,41,0.13,4,88,77,45,15.1,Medium
VET103,54,41,61,0.48,3,69,31,48,45.0,High
VET104,82,93,42,0.44,1,87,66,35,27.0,High
VET105,47,67,60,0.42,5,81,30,40,38.2,High
VET106,60,88,49,0.43,1,32,33,90,31.9,High
VET107,78,89,47,0.47,5,41,83,71,30.1,High
VET108,97,69,89,0.32,2,68,54,42,22.8,Medium
VET109,58,77,92,0.18,1,41,32,41,22.0,Medium
VET110,62,90,35,0.35,2,31,38,49,27.1,High
VET111,50,43,61,0.4,1,85,63,79,41.4,High
VET112,50,40,72,0.4,3,75,72,65,42.0,High
VET113,63,47,31,0.31,4,51,51,98,33.5,High
VET114,92,68,89,0.13,2,52,99,66,14.5,Medium
VET115,75,94,52,0.25,5,59,31,41,18.7,Medium
VET116,79,78,60,0.47,3,34,95,69,32.1,High
VET117,63,42,34,0.33,1,38,61,83,35.5,High
VET118,42,71,63,0.32,2,50,45,31,33.4,High
VET119,61,49,39,0.21,1,40,30,79,28.5,High
VET120,92,49,31,0.25,1,34,77,70,24.3,Medium
VET121,41,58,40,0.46,1,64,79,74,43.2,High
VET122,63,85,79,0.37,4,56,42,38,28.9,High
VET123,83,73,60,0.41,4,78,44,91,29.3,High
VET124,69,99,85,0.28,5,31,82,76,20.4,Medium
VET125,77,72,38,0.35,2,53,73,34,27.7,High
VET126,41,62,50,0.2,3,60,37,30,29.4,High
VET127,99,94,57,0.38,3,62,75,73,20.4,Medium
VET128,60,67,91,0.27,3,68,98,51,28.1,High
VET129,72,71,36,0.28,1,59,48,67,25.4,High
VET130,51,89,45,0.36,4,75,67,48,30.0,High
VET131,97,46,33,0.47,2,66,40,60,34.9,High
VET132,61,68,33,0.13,1,80,72,96,20.7,Medium
VET133,83,47,69,0.43,4,57,49,71,35.5,High
VET134,64,40,46,0.22,4,89,49,55,30.2,High
VET135,88,96,81,0.28,2,60,50,42,17.2,Medium
VET136,66,94,81,0.11,2,40,86,87,13.5,Medium
VET137,98,42,65,0.22,2,52,79,47,23.0,Medium
VET138,81,63,67,0.3,1,86,55,96,26.2,High
VET139,67,62,79,0.12,5,31,59,32,20.2,Medium
VET140,99,98,92,0.3,2,69,60,84,15.6,Medium
VET141,55,47,92,0.47,5,70,71,87,43.1,High
VET142,54,93,91,0.14,1,56,97,92,17.6,Medium
VET143,86,96,36,0.41,5,64,90,81,24.1,Medium
VET144,90,86,56,0.26,3,31,90,53,17.8,Medium
VET145,83,76,43,0.36,5,68,99,38,26.2,High
VET146,94,42,34,0.2,2,66,97,66,22.8,Medium
VET147,91,90,84,0.16,1,50,46,82,11.8,Medium
VET148,96,72,31,0.16,2,87,48,53,14.4,Medium
VET149,42,67,91,0.13,3,34,80,50,24.7,Medium
VET150,76,86,50,0.17,2,81,99,69,16.1,Medium
VET151,90,47,50,0.37,2,74,92,91,31.1,High
VET152,46,73,39,0.45,2,50,59,99,38.7,High
VET153,60,74,87,0.43,4,58,54,98,34.7,High
VET154,48,71,68,0.37,3,49,55,43,34.7,High
VET155,78,63,34,0.14,2,67,85,71,18.8,Medium
VET156,57,53,94,0.22,2,49,51,79,29.0,High
VET157,43,71,42,0.22,2,79,48,90,28.2,High
VET158,64,95,82,0.2,1,54,60,33,18.2,Medium
VET159,99,85,74,0.31,4,31,55,46,18.7,Medium
VET160,53,82,61,0.31,1,86,71,86,28.5,High
VET161,89,55,65,0.24,4,61,70,77,23.2,Medium
VET162,97,43,89,0.24,2,55,52,73,24.0,Medium
VET163,48,91,40,0.43,3,35,76,74,33.7,High
VET164,65,76,92,0.42,5,70,42,62,32.8,High
VET165,92,93,50,0.22,5,86,95,60,14.0,Medium
VET166,41,60,81,0.47,2,32,95,76,43.3,High
VET167,59,53,84,0.48,1,62,45,35,41.6,High
VET168,67,70,55,0.23,3,30,57,63,24.1,Medium
VET169,86,94,97,0.24,4,80,64,82,16.0,Medium
VET170,99,87,63,0.3,2,34,70,43,17.8,Medium
VET171,46,57,81,0.48,3,42,60,45,43.4,High
VET172,83,46,81,0.45,3,48,61,72,36.7,High
VET173,47,49,58,0.14,4,41,83,41,27.8,High
VET174,86,46,67,0.26,3,77,88,99,26.6,High
VET175,74,72,71,0.32,1,54,70,48,26.8,High
VET176,53,62,50,0.3,1,86,95,70,32.0,High
VET177,56,60,71,0.18,1,80,83,82,25.8,High
VET178,75,58,42,0.44,3,64,69,58,35.4,High
VET179,89,87,93,0.37,1,41,57,99,23.3,Medium
VET180,79,58,46,0.44,4,59,66,88,34.6,High
VET181,43,75,38,0.44,3,34,94,93,38.4,High
VET182,41,68,70,0.4,5,63,84,53,38.2,High
VET183,45,99,30,0.28,3,51,33,45,25.2,High
VET184,93,57,31,0.34,4,68,39,81,27.0,High
VET185,81,41,89,0.16,5,42,76,35,23.6,Medium
VET186,43,40,77,0.37,3,86,43,66,41.9,High
VET187,93,86,58,0.17,1,76,67,33,12.7,Medium
VET188,68,44,39,0.38,2,83,41,67,36.6,High
VET189,57,59,87,0.19,2,32,74,70,26.3,High
VET190,65,50,89,0.15,1,89,46,43,24.5,Medium
VET191,83,81,50,0.17,2,82,64,80,15.7,Medium
VET192,73,41,57,0.1,2,49,95,94,22.2,Medium
VET193,49,42,63,0.39,1,60,70,81,41.3,High
VET194,75,62,37,0.39,1,34,96,59,32.1,High
VET195,53,94,88,0.31,3,53,58,86,26.1,High
VET196,70,51,78,0.16,3,69,47,59,23.8,Medium
VET197,87,59,46,0.13,1,83,49,71,17.3,Medium
VET198,54,44,89,0.11,4,62,43,40,25.9,High
VET199,47,76,74,0.17,2,37,63,56,23.9,Medium
VET200,53,77,98,0.46,3,53,78,53,37.0,High
VET201,62,69,61,0.2,2,79,83,68,23.8,Medium
VET202,99,48,73,0.24,5,49,60,47,22.6,Medium
VET203,96,73,94,0.14,1,89,87,74,13.2,Medium
VET204,79,92,37,0.19,4,45,71,41,15.3,Medium
VET205,60,83,72,0.31,5,79,87,78,26.9,High
VET206,55,74,30,0.34,5,81,59,60,31.2,High
VET207,84,91,80,0.2,5,41,54,51,15.0,Medium
VET208,57,97,53,0.12,1,42,92,73,15.2,Medium
VET209,86,61,53,0.26,3,74,48,93,23.6,Medium
VET210,92,83,46,0.19,1,71,37,54,14.5,Medium
VET211,63,63,34,0.19,3,68,32,80,24.3,Medium
VET212,65,56,49,0.48,5,54,96,36,39.8,High
VET213,64,49,50,0.35,5,75,46,35,34.9,High
VET214,99,69,87,0.32,4,61,43,53,22.4,Medium
VET215,99,95,60,0.27,3,53,38,48,14.7,Medium
VET216,99,98,40,0.27,5,77,91,38,14.1,Medium
VET217,84,85,81,0.32,2,76,50,65,22.2,Medium
VET218,80,62,44,0.38,4,73,66,69,30.6,High
VET219,68,71,36,0.38,1,38,40,53,31.2,High
VET220,54,56,57,0.17,4,69,49,77,26.5,High
VET221,84,89,80,0.3,2,79,64,92,20.4,Medium
VET222,40,90,87,0.26,3,52,82,98,27.0,High
VET223,64,56,34,0.45,1,79,76,82,38.5,High
VET224,46,53,34,0.35,1,42,81,83,37.7,High
VET225,48,48,37,0.31,3,89,37,71,36.3,High
VET226,63,79,93,0.15,4,88,33,74,19.1,Medium
VET227,40,41,39,0.34,5,61,56,43,40.8,High
VET228,83,84,67,0.15,4,79,73,58,14.1,Medium
VET229,47,64,37,0.23,2,44,69,35,29.3,High
VET230,63,78,54,0.16,5,65,76,36,19.8,Medium
VET231,50,48,95,0.38,4,78,73,66,39.4,High
VET232,90,93,79,0.18,3,34,77,82,12.4,Medium
VET233,56,61,96,0.26,2,51,81,47,29.6,High
VET234,47,82,78,0.46,2,45,97,67,37.2,High
VET235,74,85,65,0.18,2,70,40,88,17.2,Medium
VET236,74,43,97,0.3,5,39,33,30,31.6,High
VET237,72,65,70,0.27,1,53,77,97,26.1,High
VET238,98,97,91,0.11,5,47,55,73,6.5,Low
VET239,44,68,39,0.42,4,78,68,76,38.6,High
VET240,81,84,50,0.13,1,47,87,64,13.5,Medium
VET241,78,73,65,0.29,4,36,48,89,24.3,Medium
VET242,97,62,41,0.32,1,33,87,81,24.2,Medium
VET243,80,76,31,0.35,5,55,57,37,26.3,High
VET244,67,50,42,0.38,2,34,95,70,35.6,High
VET245,46,45,82,0.2,3,89,39,32,31.8,High
VET246,48,57,61,0.1,2,84,87,98,24.0,Medium
VET247,47,60,45,0.39,5,45,43,43,38.1,High
VET248,51,81,61,0.31,1,64,44,55,29.1,High
VET249,73,75,61,0.43,2,55,62,99,31.9,High
VET250,72,80,40,0.43,5,47,46,87,31.1,High
VET251,87,77,39,0.44,4,58,53,69,29.2,High
VET252,94,73,44,0.29,3,52,59,80,21.1,Medium
VET253,62,56,46,0.23,2,82,91,34,27.9,High
VET254,63,76,69,0.42,1,43,42,61,33.2,High
VET255,76,64,47,0.28,4,44,91,30,26.0,High
VET256,74,77,84,0.17,5,78,76,83,18.3,Medium
VET257,83,97,54,0.44,3,62,45,40,26.0,High
VET258,79,51,88,0.45,1,54,95,82,36.5,High
VET259,61,62,51,0.29,5,50,72,37,29.9,High
VET260,66,92,59,0.13,5,46,37,54,14.9,Medium
VET261,74,81,73,0.26,2,52,32,69,22.0,Medium
VET262,40,61,61,0.42,2,86,41,61,40.8,High
VET263,74,60,80,0.46,1,72,45,57,36.2,High
VET264,76,66,75,0.18,5,46,88,32,20.6,Medium
VET265,86,96,50,0.13,2,87,78,91,10.1,Medium
VET266,53,70,61,0.45,3,43,92,56,37.9,High
VET267,42,45,68,0.26,3,58,91,74,35.6,High
VET268,40,66,41,0.32,5,49,78,54,34.8,High
VET269,44,79,76,0.49,2,59,80,90,39.9,High
VET270,65,73,47,0.13,1,48,62,73,18.9,Medium
VET271,94,51,50,0.36,1,82,59,75,29.0,High
VET272,53,84,42,0.13,1,68,88,43,19.1,Medium
VET273,78,96,50,0.25,3,85,44,37,17.7,Medium
VET274,66,92,37,0.42,2,42,52,77,29.4,High
VET275,48,46,75,0.27,2,47,74,43,34.7,High
VET276,54,49,36,0.5,3,52,91,94,44.4,High
VET277,54,84,52,0.32,1,75,44,36,28.4,High
VET278,65,56,51,0.23,1,62,75,78,27.3,High
VET279,81,65,51,0.19,5,68,93,84,20.3,Medium
VET280,99,60,58,0.24,4,69,75,42,20.2,Medium
VET281,52,67,42,0.25,2,47,85,85,28.7,High
VET282,90,97,31,0.13,2,38,73,85,9.1,Low
VET283,71,85,58,0.25,2,62,58,44,21.3,Medium
VET284,78,41,81,0.29,4,61,91,86,30.7,High
VET285,88,99,56,0.39,5,83,81,87,22.1,Medium
VET286,91,93,79,0.36,4,46,83,64,21.2,Medium
VET287,71,82,52,0.38,1,48,86,45,28.4,High
VET288,43,40,73,0.1,1,56,95,37,28.4,High
VET289,69,90,51,0.19,2,35,51,74,17.7,Medium
VET290,76,92,72,0.36,3,64,49,69,24.4,Medium
VET291,62,75,66,0.29,2,85,62,83,27.1,High
VET292,78,90,90,0.1,3,66,54,43,11.4,Medium
VET293,84,65,85,0.42,4,63,75,88,31.2,High
VET294,54,68,32,0.41,1,49,86,82,36.1,High
VET295,82,60,92,0.32,3,54,34,56,27.6,High
VET296,68,50,48,0.13,4,33,84,76,22.9,Medium
VET297,75,79,52,0.41,1,39,90,35,29.7,High
VET298,52,50,58,0.33,3,39,37,84,36.1,High
VET299,71,75,59,0.41,2,53,45,73,31.3,High
VET300,46,88,68,0.4,2,50,77,47,33.2,High
VET301,98,98,54,0.42,2,40,90,45,21.8,Medium
VET302,90,78,37,0.31,4,56,44,41,21.9,Medium
VET303,61,79,87,0.16,2,45,94,49,20.0,Medium
VET304,67,74,45,0.37,5,55,51,74,30.3,High
VET305,41,93,30,0.35,1,59,32,93,30.7,High
VET306,81,73,34,0.4,4,78,83,88,29.2,High
VET307,84,94,32,0.17,2,45,43,51,12.9,Medium
VET308,96,86,94,0.18,1,36,65,76,12.6,Medium
VET309,92,63,33,0.46,3,45,96,58,32.0,High
VET310,45,93,93,0.4,2,64,39,74,32.4,High
VET311,67,61,39,0.46,1,87,78,38,37.4,High
VET312,67,44,50,0.4,5,45,94,53,37.8,High
VET313,83,95,75,0.34,3,69,86,44,21.4,Medium
VET314,83,72,56,0.36,5,41,56,65,27.0,High
VET315,59,97,95,0.46,1,64,34,42,31.8,High
VET316,69,75,70,0.33,5,78,86,73,27.7,High
VET317,50,86,42,0.35,1,50,44,65,30.3,High
VET318,97,59,38,0.16,1,79,59,90,16.8,Medium
VET319,94,58,65,0.29,5,72,49,69,24.1,Medium
VET320,67,74,87,0.39,1,65,66,56,31.3,High
VET321,64,91,83,0.21,2,77,32,30,19.5,Medium
VET322,78,82,41,0.18,1,46,70,63,17.0,Medium
VET323,72,56,43,0.23,4,61,68,97,25.9,High
VET324,40,98,63,0.2,1,70,55,50,22.4,Medium
VET325,96,84,82,0.19,4,35,31,62,13.5,Medium
VET326,66,82,49,0.27,1,53,52,36,23.9,Medium
VET327,96,73,45,0.46,1,56,52,94,29.2,High
VET328,91,48,99,0.3,5,49,45,32,27.2,High
VET329,52,65,85,0.18,2,54,38,80,25.6,High
VET330,80,41,87,0.13,2,31,42,83,22.3,Medium
VET331,42,92,33,0.38,3,38,57,88,32.2,High
VET332,78,48,33,0.25,5,57,56,35,27.3,High
VET333,45,48,49,0.43,5,82,80,58,42.9,High
VET334,47,79,39,0.36,2,67,93,46,32.8,High
VET335,66,56,53,0.42,5,32,81,89,36.6,High
VET336,48,40,55,0.21,2,49,67,51,32.9,High
VET337,76,64,66,0.38,5,35,94,53,31.0,High
VET338,72,82,83,0.21,1,68,47,80,19.7,Medium
VET339,90,79,50,0.48,2,62,92,79,30.2,High
VET340,81,81,67,0.35,2,84,80,40,25.1,High
VET341,83,64,75,0.23,4,30,38,85,22.1,Medium
VET342,63,78,33,0.21,5,66,42,71,22.3,Medium
VET343,54,74,89,0.18,5,35,69,68,23.4,Medium
VET344,98,42,86,0.38,2,74,84,98,31.0,High
VET345,93,89,74,0.19,1,63,72,77,13.1,Medium
VET346,71,76,49,0.34,1,76,73,86,27.6,High
VET347,71,83,46,0.21,1,44,97,50,19.7,Medium
VET348,63,83,33,0.36,5,74,62,49,28.8,High
VET349,80,90,43,0.43,4,55,53,44,27.5,High
VET350,91,69,32,0.41,2,86,65,98,28.5,High
VET351,88,77,87,0.4,3,43,39,80,27.0,High
VET352,88,73,84,0.18,4,87,49,91,16.8,Medium
VET353,97,51,33,0.14,3,83,41,66,17.4,Medium
VET354,91,58,53,0.38,4,36,91,35,29.2,High
VET355,51,76,63,0.25,1,75,47,55,27.1,High
VET356,78,83,59,0.27,5,87,92,37,21.3,Medium
VET357,41,98,48,0.11,3,60,54,33,17.7,Medium
VET358,42,98,60,0.2,4,53,41,50,22.0,Medium
VET359,88,88,89,0.11,5,88,50,60,10.3,Medium
VET360,76,56,89,0.45,3,60,54,50,36.1,High
VET361,88,49,48,0.2,2,58,40,54,22.6,Medium
VET362,95,96,78,0.32,4,71,93,44,17.8,Medium
VET363,56,94,92,0.12,2,61,79,64,16.0,Medium
VET364,98,88,51,0.37,1,46,91,78,21.3,Medium
VET365,88,86,53,0.23,2,43,78,72,16.7,Medium
VET366,41,51,59,0.46,2,69,43,70,44.6,High
VET367,41,55,87,0.46,4,65,30,66,43.8,High
VET368,67,63,60,0.23,1,87,54,86,25.5,High
VET369,93,58,93,0.46,2,77,88,71,32.8,High
VET370,62,47,48,0.5,5,53,98,76,43.2,High
VET371,76,70,77,0.43,3,74,34,90,32.3,High
VET372,71,60,74,0.44,2,83,48,43,35.8,High
VET373,72,56,84,0.2,1,56,52,97,24.4,Medium
VET374,40,62,84,0.33,2,54,38,82,36.1,High
VET375,58,76,47,0.13,3,88,79,63,19.7,Medium
VET376,41,93,92,0.14,1,61,45,53,20.2,Medium
VET377,92,55,76,0.5,4,81,62,49,35.6,High
VET378,83,45,86,0.23,1,47,31,98,25.9,High
VET379,65,47,74,0.4,4,75,43,59,37.6,High
VET380,71,64,62,0.42,1,47,30,36,34.0,High
VET381,45,57,46,0.44,3,66,87,65,41.6,High
VET382,71,64,99,0.5,3,55,45,67,38.0,High
VET383,94,51,33,0.2,1,38,76,81,21.0,Medium
VET384,43,54,49,0.12,2,89,73,44,26.6,High
VET385,94,98,76,0.26,3,64,43,75,14.6,Medium
VET386,50,65,44,0.15,4,37,53,52,24.5,Medium
VET387,95,80,99,0.11,4,49,84,41,10.5,Medium
VET388,98,84,76,0.24,5,83,44,73,15.6,Medium
VET389,56,65,38,0.41,4,71,63,44,36.3,High
VET390,77,86,45,0.33,5,51,31,78,23.9,Medium
VET391,63,71,98,0.23,1,48,56,50,24.7,Medium
VET392,44,49,90,0.36,1,59,52,44,39.4,High
VET393,91,55,39,0.19,1,82,97,43,20.3,Medium
VET394,73,46,79,0.11,2,57,43,71,21.7,Medium
VET395,45,56,32,0.41,2,64,92,44,40.3,High
VET396,61,62,99,0.35,5,72,94,92,32.9,High
VET397,50,65,80,0.4,4,40,97,97,37.0,High
VET398,87,60,48,0.12,4,60,92,56,16.6,Medium
VET399,55,61,71,0.43,1,78,93,82,38.3,High
VET400,72,97,64,0.35,3,77,61,81,23.7,Medium
VET401,48,46,75,0.33,2,68,42,92,37.7,High
VET402,99,53,55,0.35,2,65,95,82,27.1,High
VET403,98,54,98,0.45,1,59,48,86,32.1,High
VET404,45,92,93,0.33,2,52,53,81,29.1,High
VET405,55,46,66,0.33,1,48,40,72,36.3,High
VET406,68,48,78,0.5,5,41,88,36,41.8,High
VET407,42,90,50,0.4,4,44,44,71,33.6,High
VET408,59,87,93,0.28,3,60,39,33,24.8,Medium
VET409,99,47,34,0.38,4,72,70,98,29.8,High
VET410,98,89,99,0.26,4,66,56,34,15.6,Medium
VET411,75,98,33,0.19,5,66,89,70,14.9,Medium
VET412,58,62,68,0.34,2,44,81,33,33.0,High
VET413,65,68,64,0.47,3,58,57,31,36.9,High
VET414,42,57,30,0.47,2,79,94,96,43.7,High
VET415,58,70,53,0.24,4,72,46,50,26.4,High
VET416,59,69,86,0.31,1,55,73,99,29.9,High
VET417,71,91,99,0.18,4,73,39,72,16.6,Medium
VET418,46,78,70,0.5,2,31,92,98,40.2,High
VET419,91,74,83,0.49,4,49,76,38,31.5,High
VET420,80,57,75,0.36,1,44,67,57,30.6,High
VET421,72,98,89,0.42,5,81,99,55,27.0,High
VET422,79,81,89,0.39,2,33,82,32,27.5,High
VET423,78,78,86,0.34,4,51,73,78,25.8,High
VET424,57,56,60,0.12,2,79,83,46,23.4,Medium
VET425,79,53,53,0.28,5,67,49,92,27.6,High
VET426,40,70,65,0.37,4,52,60,84,36.5,High
VET427,50,63,59,0.37,4,88,36,52,35.9,High
VET428,67,74,53,0.25,2,55,87,63,24.3,Medium
VET429,96,83,59,0.48,2,80,39,98,28.2,High
VET430,64,99,36,0.17,1,40,39,44,15.9,Medium
VET431,89,84,64,0.3,5,57,68,76,20.4,Medium
VET432,62,73,84,0.38,1,85,57,32,32.0,High
VET433,70,42,43,0.38,4,31,59,57,36.6,High
VET434,69,76,39,0.36,2,88,66,32,29.0,High
VET435,81,82,45,0.21,4,37,96,33,17.9,Medium
VET436,74,79,83,0.16,4,58,72,60,17.4,Medium
VET437,46,65,99,0.35,3,40,81,74,35.3,High
VET438,99,94,73,0.34,3,66,85,88,18.4,Medium
VET439,55,62,74,0.17,4,47,97,74,25.1,High
VET440,65,83,85,0.38,2,84,38,66,29.4,High
VET441,87,78,86,0.28,4,79,52,94,21.0,Medium
VET442,96,54,50,0.37,3,43,92,38,28.5,High
VET443,91,95,97,0.43,2,83,90,46,24.3,Medium
VET444,99,88,79,0.17,4,39,69,94,11.1,Medium
VET445,88,43,62,0.11,5,64,73,32,19.3,Medium
VET446,41,68,36,0.41,5,38,53,55,38.7,High
VET447,40,61,99,0.34,4,64,80,82,36.8,High
VET448,87,64,44,0.38,2,40,87,60,28.8,High
VET449,51,52,61,0.44,4,73,62,55,41.4,High
VET450,44,57,49,0.42,4,41,45,52,40.8,High
VET451,76,72,44,0.48,3,32,51,59,34.4,High
VET452,71,55,77,0.31,5,82,86,39,30.3,High
VET453,98,84,50,0.3,3,68,91,93,18.6,Medium
VET454,94,81,71,0.26,3,43,99,51,18.0,Medium
VET455,48,83,55,0.16,4,85,59,44,21.8,Medium
VET456,80,41,43,0.33,3,57,52,85,32.3,High
VET457,74,94,86,0.21,5,40,61,49,16.9,Medium
VET458,58,74,66,0.47,3,68,86,76,37.1,High
VET459,87,81,87,0.33,5,54,38,82,22.9,Medium
VET460,55,73,50,0.34,3,50,60,82,31.4,High
VET461,42,69,98,0.24,5,39,38,30,29.8,High
VET462,59,98,32,0.12,3,72,42,31,14.6,Medium
VET463,63,94,66,0.11,3,44,87,87,14.1,Medium
VET464,93,52,78,0.27,2,48,32,48,24.5,Medium
VET465,95,52,48,0.13,5,77,64,91,17.1,Medium
VET466,72,57,41,0.34,5,51,50,41,31.2,High
VET467,63,71,90,0.45,5,50,93,55,35.7,High
VET468,91,71,70,0.45,1,89,81,56,30.1,High
VET469,50,74,62,0.36,3,81,63,58,33.2,High
VET470,88,98,79,0.18,5,73,64,44,11.8,Medium
VET471,47,78,97,0.45,1,61,44,75,37.5,High
VET472,75,85,62,0.45,2,79,35,30,30.5,High
VET473,77,91,53,0.18,5,52,61,89,15.4,Medium
VET474,79,68,90,0.39,5,42,81,86,30.1,High
VET475,59,88,90,0.21,1,34,57,32,21.1,Medium
VET476,74,68,57,0.42,3,33,93,47,32.6,High
VET477,87,92,87,0.5,2,57,48,81,29.2,High
VET478,64,83,72,0.11,5,43,44,89,16.1,Medium
VET479,74,96,70,0.46,3,37,35,63,29.0,High
VET480,64,55,68,0.35,2,38,67,89,33.7,High
VET481,68,95,78,0.49,4,86,55,55,31.9,High
VET482,57,83,46,0.29,4,80,80,48,26.5,High
VET483,85,86,99,0.44,2,64,82,51,27.8,High
VET484,57,96,99,0.12,1,66,85,62,15.4,Medium
VET485,41,49,94,0.23,2,50,88,67,33.5,High
VET486,93,69,34,0.13,2,87,99,64,14.1,Medium
VET487,74,64,31,0.49,1,47,87,96,36.9,High
VET488,55,78,51,0.43,1,62,42,39,34.9,High
VET489,80,59,86,0.44,3,37,72,44,34.2,High
VET490,75,44,95,0.48,3,80,80,40,40.2,High
VET491,72,40,45,0.13,1,78,48,53,24.1,Medium
VET492,43,69,80,0.25,4,46,50,33,30.1,High
VET493,72,88,68,0.13,4,72,53,42,14.5,Medium
VET494,53,42,69,0.18,2,60,55,86,30.0,High
VET495,60,84,67,0.19,5,63,74,66,20.7,Medium
VET496,87,53,89,0.29,2,35,57,77,26.5,High
VET497,59,95,88,0.21,2,51,58,30,19.7,Medium
VET498,95,69,39,0.14,5,43,46,89,14.2,Medium
VET499,47,89,93,0.17,1,32,97,41,21.3,Medium
VET500,46,43,92,0.16,4,41,73,50,30.2,High
VET501,42,57,78,0.49,2,65,90,40,44.7,High
VET502,56,76,93,0.4,5,41,97,73,33.6,High
VET503,72,64,61,0.49,3,74,54,87,37.3,High
VET504,87,87,36,0.28,2,31,96,73,19.2,Medium
VET505,51,40,50,0.21,4,31,31,63,32.3,High
VET506,98,92,49,0.42,1,44,78,54,23.0,Medium
VET507,90,85,55,0.23,2,52,99,33,16.5,Medium
VET508,61,54,97,0.22,2,58,55,93,28.0,High
VET509,94,48,44,0.19,5,46,56,45,21.1,Medium
VET510,61,54,43,0.15,3,61,47,39,24.5,Medium
VET511,85,88,56,0.2,3,36,83,95,15.4,Medium
VET512,69,96,69,0.24,1,59,30,64,19.0,Medium
VET513,77,63,87,0.37,4,57,90,35,30.5,High
VET514,77,43,57,0.13,1,43,32,48,22.5,Medium
VET515,84,51,55,0.18,2,73,97,88,22.0,Medium
VET516,90,98,92,0.42,2,59,70,82,23.4,Medium
VET517,93,97,95,0.16,3,46,66,37,10.0,Medium
VET518,47,76,54,0.24,4,61,80,39,27.4,High
VET519,66,76,32,0.45,5,75,44,96,34.1,High
VET520,66,82,73,0.16,4,35,37,67,18.4,Medium
VET521,73,99,71,0.13,2,80,67,58,12.1,Medium
VET522,60,45,35,0.29,5,53,85,44,33.5,High
VET523,69,78,68,0.22,4,35,76,52,21.6,Medium
VET524,72,95,81,0.33,4,56,39,75,23.1,Medium
VET525,67,85,52,0.42,5,47,78,57,30.6,High
VET526,86,63,79,0.15,2,53,70,55,17.7,Medium
VET527,72,50,72,0.33,4,66,59,39,32.1,High
VET528,44,52,48,0.3,5,85,34,76,35.8,High
VET529,99,73,98,0.16,2,53,60,33,13.6,Medium
VET530,87,64,80,0.35,5,67,81,84,27.3,High
VET531,58,46,40,0.21,5,63,52,95,29.7,High
VET532,43,91,41,0.3,4,69,77,96,28.2,High
VET533,74,43,37,0.13,2,76,69,36,23.1,Medium
VET534,88,98,53,0.28,4,44,35,84,16.8,Medium
VET535,56,47,70,0.22,1,40,67,60,30.4,High
VET536,83,59,65,0.43,1,51,70,48,33.1,High
VET537,67,68,84,0.12,2,83,56,57,19.0,Medium
VET538,69,93,38,0.27,5,53,98,57,21.1,Medium
VET539,68,92,76,0.28,4,30,86,48,22.0,Medium
VET540,85,90,44,0.39,4,47,46,49,24.5,Medium
VET541,92,84,77,0.33,2,73,76,42,21.3,Medium
VET542,45,85,71,0.37,2,41,42,72,32.5,High
VET543,74,49,89,0.41,1,86,40,40,35.9,High
VET544,99,82,99,0.44,3,72,53,77,25.8,High
VET545,80,73,41,0.23,2,57,33,44,20.9,Medium
VET546,76,96,31,0.32,3,69,75,46,21.6,Medium
VET547,63,65,36,0.44,2,89,47,83,36.4,High
VET548,68,80,32,0.5,5,36,72,79,35.4,High
VET549,88,88,32,0.46,5,52,62,57,27.8,High
VET550,85,97,56,0.25,1,50,39,33,16.1,Medium
VET551,92,42,69,0.18,1,63,88,51,22.2,Medium
VET552,70,95,62,0.3,3,40,60,68,22.0,Medium
VET553,74,45,30,0.4,2,51,57,63,36.2,High
VET554,99,44,37,0.3,4,71,89,73,26.4,High
VET555,72,44,61,0.29,1,64,32,71,31.3,High
VET556,91,93,77,0.44,4,81,84,69,25.2,High
VET557,60,86,33,0.24,4,58,43,41,22.8,Medium
VET558,71,62,99,0.44,2,71,87,31,35.4,High
VET559,62,88,48,0.26,3,57,44,57,23.0,Medium
VET560,72,48,61,0.23,2,88,31,96,27.5,High
VET561,42,74,38,0.28,1,47,53,39,30.8,High
VET562,57,59,41,0.4,4,43,93,86,36.8,High
VET563,64,97,40,0.15,2,47,53,66,15.3,Medium
VET564,81,88,75,0.18,2,57,56,93,15.2,Medium
VET565,70,98,45,0.48,2,53,66,69,30.4,High
VET566,93,81,30,0.17,1,37,68,89,13.7,Medium
VET567,97,74,92,0.33,3,71,92,77,22.3,Medium
VET568,42,89,50,0.33,2,83,55,48,30.3,High
VET569,79,57,59,0.3,1,74,94,62,27.8,High
VET570,85,56,42,0.36,4,82,33,73,29.8,High
VET571,63,63,63,0.19,5,37,58,66,24.3,Medium
VET572,89,42,33,0.32,1,33,30,65,29.8,High
VET573,71,71,57,0.25,5,56,79,50,24.1,Medium
VET574,86,74,88,0.36,2,65,40,31,26.0,High
VET575,61,77,56,0.16,2,34,88,60,20.4,Medium
VET576,62,52,98,0.33,1,62,91,59,33.7,High
VET577,41,95,54,0.17,5,78,65,73,21.3,Medium
VET578,66,86,32,0.21,2,63,85,41,20.1,Medium
VET579,81,64,97,0.19,4,59,50,80,20.5,Medium
VET580,41,48,54,0.17,3,37,42,78,30.7,High
VET581,65,43,49,0.43,3,68,38,53,39.9,High
VET582,56,53,63,0.21,2,76,40,53,28.7,High
VET583,79,76,55,0.47,5,55,99,89,32.5,High
VET584,72,73,34,0.49,2,86,30,40,35.5,High
VET585,48,50,90,0.33,5,66,99,42,36.9,High
VET586,82,80,38,0.16,4,63,85,93,15.6,Medium
VET587,93,95,79,0.25,5,36,60,49,14.9,Medium
VET588,87,42,35,0.42,2,69,66,57,35.2,High
VET589,78,98,89,0.25,4,57,76,31,17.3,Medium
VET590,68,67,73,0.13,1,68,76,72,19.5,Medium
VET591,81,68,40,0.32,3,68,98,37,26.2,High
VET592,94,48,95,0.44,2,57,87,42,33.6,High
VET593,65,42,76,0.42,2,43,65,64,39.6,High
VET594,74,64,32,0.17,2,82,61,52,20.9,Medium
VET595,89,73,59,0.37,4,79,93,75,26.1,High
VET596,64,51,50,0.19,1,67,71,44,26.5,High
VET597,63,81,57,0.19,5,33,77,31,20.7,Medium
VET598,52,48,91,0.45,1,71,59,90,42.5,High
VET599,99,54,62,0.2,4,47,50,93,19.4,Medium
VET600,97,79,64,0.21,2,73,89,81,15.3,Medium
VET601,46,64,81,0.1,3,77,42,65,23.0,Medium
VET602,96,44,63,0.45,2,54,30,96,34.5,High
VET603,75,50,70,0.42,5,36,94,98,36.0,High
VET604,84,98,80,0.35,3,67,62,96,21.1,Medium
VET605,59,73,76,0.4,2,57,67,76,33.6,High
VET606,40,63,87,0.16,3,34,54,31,27.4,High
VET607,47,99,86,0.28,1,32,55,73,24.8,Medium
VET608,85,54,52,0.24,4,73,88,93,24.2,Medium
VET609,55,77,77,0.14,2,60,62,57,20.6,Medium
VET610,53,47,51,0.29,5,76,70,83,34.5,High
VET611,51,98,46,0.47,1,71,59,96,33.7,High
VET612,90,44,98,0.12,2,87,86,65,19.2,Medium
VET613,62,87,40,0.22,1,49,78,92,21.2,Medium
VET614,54,65,44,0.18,5,48,77,54,25.2,High
VET615,67,57,64,0.2,2,77,78,77,25.2,High
VET616,73,45,62,0.46,5,89,76,68,39.4,High
VET617,41,76,45,0.29,3,40,85,76,31.1,High
VET618,71,99,63,0.29,5,69,94,50,20.5,Medium
VET619,62,87,95,0.4,3,32,41,59,30.2,High
VET620,61,52,69,0.16,2,52,98,60,25.4,High
VET621,90,67,57,0.29,3,36,35,55,23.1,Medium
VET622,64,44,76,0.27,2,52,94,51,31.9,High
VET623,97,52,68,0.34,2,36,54,50,27.2,High
VET624,61,56,99,0.5,4,75,30,30,41.6,High
VET625,97,89,49,0.41,2,63,61,66,23.3,Medium
VET626,97,79,30,0.26,3,71,32,75,17.8,Medium
VET627,61,84,92,0.43,4,48,78,38,32.5,High
VET628,88,71,96,0.17,4,87,48,46,16.7,Medium
VET629,91,68,33,0.11,2,38,89,76,13.7,Medium
VET630,81,90,87,0.18,5,77,58,88,14.8,Medium
VET631,45,97,54,0.24,5,80,79,83,23.6,Medium
VET632,54,42,76,0.3,4,47,31,41,35.8,High
VET633,93,95,67,0.35,2,70,85,93,19.9,Medium
VET634,82,79,44,0.46,5,77,46,35,30.8,High
VET635,99,73,92,0.3,2,74,89,82,20.6,Medium
VET636,76,79,50,0.3,2,71,65,45,24.0,Medium
VET637,72,66,86,0.12,4,54,90,34,18.4,Medium
VET638,47,52,82,0.11,4,81,46,75,25.7,High
VET639,92,84,75,0.32,1,43,78,43,20.8,Medium
VET640,99,72,43,0.28,5,73,89,73,19.8,Medium
VET641,83,45,46,0.44,5,54,49,92,36.4,High
VET642,83,63,68,0.16,5,48,79,81,18.8,Medium
VET643,44,58,38,0.11,3,68,32,55,25.1,High
VET644,78,55,35,0.28,2,84,72,82,27.4,High
VET645,43,79,52,0.19,4,44,86,58,25.1,High
VET646,45,67,88,0.12,5,45,79,48,23.6,Medium
VET647,84,72,75,0.39,1,56,97,76,28.3,High
VET648,71,98,67,0.14,5,69,79,37,13.2,Medium
VET649,91,98,43,0.34,2,39,66,52,19.2,Medium
VET650,69,87,91,0.21,2,33,75,64,19.3,Medium
VET651,86,80,64,0.17,4,80,71,82,15.3,Medium
VET652,74,52,48,0.25,3,48,44,87,27.3,High
VET653,94,82,59,0.42,4,57,62,34,25.8,High
VET654,79,84,54,0.26,5,50,40,45,20.4,Medium
VET655,91,64,69,0.4,1,88,49,46,29.0,High
VET656,55,92,43,0.15,4,76,53,61,18.1,Medium
VET657,52,81,55,0.41,3,43,93,81,33.9,High
VET658,89,75,51,0.19,4,62,94,49,16.7,Medium
VET659,99,66,77,0.37,2,77,46,95,25.5,High
VET660,81,77,80,0.33,5,39,90,30,24.9,Medium
VET661,69,99,32,0.47,5,48,44,87,29.9,High
VET662,58,46,71,0.25,5,59,80,73,31.7,High
VET663,56,44,48,0.13,5,51,56,35,26.5,High
VET664,95,82,57,0.11,5,32,90,79,10.1,Medium
VET665,58,84,74,0.43,5,66,87,49,33.1,High
VET666,67,97,92,0.31,1,70,60,43,22.7,Medium
VET667,97,96,48,0.41,3,47,41,34,21.9,Medium
VET668,94,90,76,0.19,5,40,75,70,12.7,Medium
VET669,65,70,43,0.24,3,77,60,69,25.0,High
VET670,76,62,67,0.11,5,31,61,63,17.9,Medium
VET671,65,81,82,0.48,4,41,61,74,34.8,High
VET672,92,49,90,0.37,5,83,82,56,30.3,High
VET673,62,71,65,0.47,2,35,90,73,36.9,High
VET674,48,82,69,0.21,1,72,75,62,24.5,Medium
VET675,51,92,59,0.34,4,88,36,62,28.4,High
VET676,92,69,38,0.37,4,69,33,73,26.3,High
VET677,40,78,93,0.23,2,73,81,49,27.9,High
VET678,97,70,62,0.44,5,58,60,65,28.6,High
VET679,97,57,81,0.48,1,88,65,36,33.2,High
VET680,40,75,43,0.45,4,59,83,61,39.5,High
VET681,86,41,82,0.4,1,31,83,96,34.6,High
VET682,73,53,88,0.21,4,38,46,68,25.3,High
VET683,71,52,70,0.21,5,76,59,53,25.9,High
VET684,93,68,97,0.49,4,31,51,99,32.3,High
VET685,87,51,97,0.1,4,58,72,83,17.4,Medium
VET686,64,78,37,0.39,3,62,56,67,31.1,High
VET687,79,41,31,0.38,5,39,66,61,35.0,High
VET688,84,71,70,0.35,2,63,75,74,26.5,High
VET689,92,52,84,0.5,2,73,64,90,36.2,High
VET690,40,85,45,0.22,5,84,33,99,26.0,High
VET691,55,66,91,0.24,2,37,55,82,27.8,High
VET692,78,88,77,0.13,5,66,48,80,13.3,Medium
VET693,44,80,59,0.28,2,83,74,85,29.2,High
VET694,61,56,41,0.2,3,89,55,56,26.6,High
VET695,68,79,64,0.24,2,62,51,67,22.6,Medium
VET696,94,70,40,0.43,4,76,87,91,28.7,High
VET697,42,73,93,0.47,5,35,92,47,40.5,High
VET698,51,99,79,0.17,1,73,57,93,18.5,Medium
VET699,65,63,50,0.25,1,69,94,59,26.9,High
VET700,55,84,98,0.47,5,74,73,78,35.7,High
VET701,90,74,77,0.12,3,48,72,70,13.2,Medium
VET702,76,87,49,0.14,2,61,66,42,14.4,Medium
VET703,61,45,96,0.17,3,56,95,63,27.3,High
VET704,96,58,73,0.34,1,30,46,54,26.2,High
VET705,68,69,62,0.16,5,72,69,95,20.6,Medium
VET706,53,46,90,0.49,5,81,67,47,44.7,High
VET707,67,49,38,0.28,3,62,90,34,30.8,High
VET708,44,80,97,0.3,3,69,38,48,30.2,High
VET709,86,71,64,0.2,2,61,90,71,18.6,Medium
VET710,88,73,94,0.29,4,34,45,47,22.3,Medium
VET711,69,67,37,0.36,4,46,31,61,30.8,High
VET712,85,99,74,0.4,2,37,72,50,23.2,Medium
VET713,91,54,76,0.4,4,86,71,39,31.0,High
VET714,44,69,69,0.33,1,71,86,66,33.9,High
VET715,51,76,83,0.46,4,63,96,78,37.6,High
VET716,55,68,75,0.43,2,38,59,42,36.9,High
VET717,65,61,76,0.4,4,85,42,84,34.8,High
VET718,65,43,44,0.12,5,52,48,46,24.4,Medium
VET719,87,59,48,0.1,3,64,36,38,15.8,Medium
VET720,60,71,55,0.18,1,79,38,73,22.8,Medium
VET721,78,75,81,0.37,5,36,83,75,27.9,High
VET722,75,89,51,0.26,5,44,90,37,20.2,Medium
VET723,72,43,50,0.26,2,82,31,66,30.0,High
VET724,69,66,80,0.45,3,83,79,48,35.5,High
VET725,76,56,67,0.46,3,49,60,92,36.6,High
VET726,62,51,49,0.46,1,79,62,75,40.4,High
VET727,97,61,58,0.23,2,54,40,55,19.9,Medium
VET728,49,56,80,0.38,1,32,62,75,38.0,High
VET729,93,49,33,0.21,4,89,36,75,22.1,Medium
VET730,44,93,84,0.18,5,84,60,43,21.6,Medium
VET731,75,40,57,0.17,1,75,77,92,25.5,High
VET732,73,61,33,0.24,5,53,76,32,25.2,High
VET733,91,65,51,0.27,2,63,82,57,22.3,Medium
VET734,70,95,74,0.43,4,75,48,58,28.5,High
VET735,49,98,96,0.15,2,51,35,47,18.1,Medium
VET736,97,57,95,0.39,4,40,78,64,28.7,High
VET737,58,89,63,0.31,4,77,79,76,26.1,High
VET738,97,53,84,0.22,5,37,41,34,21.0,Medium
VET739,71,86,30,0.3,2,68,52,88,23.6,Medium
VET740,40,68,67,0.22,2,72,83,88,29.4,High
VET741,95,51,35,0.34,1,64,98,76,27.8,High
VET742,44,75,54,0.27,2,78,88,42,29.7,High
VET743,84,98,46,0.17,1,75,65,62,12.1,Medium
VET744,43,74,90,0.15,3,67,32,91,24.1,Medium
VET745,55,91,41,0.32,3,37,87,45,26.8,High
VET746,63,51,35,0.46,3,83,84,73,40.2,High
VET747,55,46,56,0.24,2,66,86,87,31.8,High
VET748,94,68,37,0.39,2,56,46,35,27.1,High
VET749,41,50,94,0.36,1,57,68,44,39.8,High
VET750,88,72,86,0.47,4,69,97,33,31.5,High
VET751,67,45,69,0.43,1,63,84,85,39.1,High
VET752,71,86,43,0.33,3,61,74,93,25.1,High
VET753,66,54,64,0.36,1,44,30,97,34.0,High
VET754,59,71,77,0.46,4,73,50,63,37.0,High
VET755,63,90,85,0.26,2,46,50,85,22.4,Medium
VET756,51,50,78,0.23,1,62,81,61,31.3,High
VET757,89,97,42,0.1,3,76,72,38,7.8,Low
VET758,74,62,90,0.43,3,75,81,92,34.3,High
VET759,99,65,78,0.42,2,81,96,62,28.2,High
VET760,72,73,75,0.14,1,83,73,50,18.0,Medium
VET761,72,85,91,0.33,4,45,61,84,25.1,High
VET762,90,73,37,0.29,2,58,39,86,21.9,Medium
VET763,82,68,72,0.15,1,38,93,31,17.5,Medium
VET764,76,43,49,0.49,5,62,98,42,40.7,High
VET765,51,56,68,0.19,3,89,97,33,28.1,High
VET766,42,74,78,0.13,4,78,57,79,23.3,Medium
VET767,40,52,93,0.34,4,58,82,77,38.6,High
VET768,72,80,91,0.4,4,42,80,59,29.6,High
VET769,79,78,83,0.11,3,50,82,58,14.1,Medium
VET770,49,54,38,0.36,1,87,33,37,37.4,High
VET771,82,94,66,0.31,2,50,46,41,20.3,Medium
VET772,83,68,78,0.14,1,34,96,70,16.8,Medium
VET773,68,68,70,0.17,2,39,76,55,21.3,Medium
VET774,52,50,46,0.33,4,35,85,79,36.1,High
VET775,51,91,50,0.22,1,85,52,31,22.6,Medium
VET776,70,71,80,0.48,4,80,47,84,35.8,High
VET777,85,41,88,0.43,5,86,30,85,36.3,High
VET778,41,86,68,0.49,4,42,64,43,39.1,High
VET779,90,53,84,0.2,4,30,93,35,21.4,Medium
VET780,89,59,70,0.49,2,49,87,90,34.9,High
VET781,74,61,68,0.27,5,86,88,41,26.5,High
VET782,62,50,42,0.24,4,76,30,42,29.6,High
VET783,56,66,93,0.12,4,75,32,48,21.6,Medium
VET784,65,42,40,0.12,5,37,96,73,24.6,Medium
VET785,47,56,48,0.38,5,39,66,88,38.4,High
VET786,68,83,40,0.28,1,38,58,66,23.8,Medium
VET787,65,95,75,0.19,2,78,62,54,17.5,Medium
VET788,49,67,74,0.35,5,70,90,45,34.3,High
VET789,65,68,30,0.2,5,32,33,67,23.4,Medium
VET790,73,60,69,0.33,3,40,43,72,29.9,High
VET791,90,86,48,0.24,5,41,62,43,16.8,Medium
VET792,80,55,90,0.43,2,39,51,35,34.5,High
VET793,46,76,41,0.43,4,54,77,52,37.1,High
VET794,43,98,90,0.29,4,78,32,89,26.3,High
VET795,97,59,62,0.24,4,78,52,41,20.8,Medium
VET796,92,45,74,0.25,4,54,97,42,25.1,High
VET797,89,58,98,0.42,3,40,50,35,31.6,High
VET798,84,96,37,0.23,5,83,72,92,15.5,Medium
VET799,50,44,54,0.18,4,65,55,67,30.2,High
VET800,68,42,75,0.13,1,68,70,79,24.5,Medium
VET801,95,98,59,0.29,4,82,67,81,15.9,Medium
VET802,75,40,76,0.29,5,55,40,69,31.5,High
VET803,64,97,78,0.44,4,43,58,37,29.8,High
VET804,60,99,76,0.19,3,68,89,90,17.7,Medium
VET805,96,77,47,0.25,2,85,96,37,17.9,Medium
VET806,75,54,95,0.42,2,69,94,63,35.2,High
VET807,49,73,97,0.43,5,30,90,89,37.1,High
VET808,76,74,62,0.25,2,85,48,86,22.5,Medium
VET809,48,88,65,0.28,2,83,75,75,26.8,High
VET810,63,64,48,0.22,1,33,78,51,25.6,High
VET811,74,63,57,0.47,5,59,51,69,36.1,High
VET812,88,51,69,0.15,5,41,86,74,19.7,Medium
VET813,74,57,44,0.47,2,85,43,84,37.3,High
VET814,87,54,70,0.37,2,64,73,80,30.3,High
VET815,75,83,68,0.31,2,42,45,34,23.9,Medium
VET816,57,55,31,0.11,3,81,41,42,23.1,Medium
VET817,88,66,92,0.29,4,60,84,57,23.7,Medium
VET818,78,47,58,0.26,3,67,80,91,28.0,High
VET819,71,99,95,0.16,5,72,68,53,14.0,Medium
VET820,63,85,80,0.36,1,52,62,36,28.4,High
VET821,62,64,39,0.49,4,33,62,67,39.3,High
VET822,71,56,43,0.32,1,81,58,66,30.6,High
VET823,76,68,80,0.39,5,45,98,97,30.7,High
VET824,51,92,68,0.13,5,36,99,71,17.9,Medium
VET825,88,47,57,0.27,1,51,60,34,26.5,High
VET826,94,54,32,0.15,1,58,60,93,17.9,Medium
VET827,52,66,99,0.35,1,40,75,79,33.9,High
VET828,62,85,56,0.48,5,85,81,44,34.6,High
VET829,64,89,31,0.36,2,62,39,82,27.4,High
VET830,74,91,67,0.13,1,87,70,54,13.5,Medium
VET831,80,46,32,0.24,4,58,32,38,26.8,High
VET832,69,42,45,0.32,5,88,88,67,33.8,High
VET833,56,68,69,0.26,3,68,81,51,28.2,High
VET834,88,83,31,0.43,3,41,63,78,27.3,High
VET835,59,92,70,0.43,4,36,78,97,31.3,High
VET836,87,63,41,0.34,2,88,57,44,27.0,High
VET837,64,99,64,0.25,1,84,42,94,19.9,Medium
VET838,61,97,94,0.2,5,68,98,83,18.4,Medium
VET839,52,42,84,0.14,1,71,96,59,28.2,High
VET840,98,59,74,0.24,5,77,90,49,20.6,Medium
VET841,58,85,91,0.27,3,55,89,62,24.9,Medium
VET842,88,54,78,0.37,1,69,53,36,30.1,High
VET843,75,64,54,0.36,4,38,92,37,30.2,High
VET844,51,69,52,0.13,2,70,90,57,22.5,Medium
VET845,80,53,53,0.26,4,63,52,74,26.4,High
VET846,58,46,67,0.17,2,74,59,40,27.7,High
VET847,51,56,57,0.16,1,42,89,60,26.6,High
VET848,48,83,50,0.43,1,84,47,41,35.3,High
VET849,46,59,83,0.12,2,84,85,80,25.0,High
VET850,67,75,47,0.27,3,65,82,73,25.1,High
VET851,53,48,65,0.17,5,54,36,79,28.3,High
VET852,70,77,74,0.45,4,53,98,46,33.1,High
VET853,91,87,82,0.32,4,73,81,64,20.4,Medium
VET854,58,96,59,0.19,4,46,33,30,18.7,Medium
VET855,97,99,89,0.3,1,31,63,58,15.8,Medium
VET856,86,61,61,0.39,4,42,98,80,30.1,High
VET857,55,93,96,0.48,5,60,62,93,34.4,High
VET858,92,92,96,0.19,5,58,98,33,12.7,Medium
VET859,44,92,57,0.45,2,79,67,57,35.3,High
VET860,74,41,73,0.47,1,57,55,45,40.5,High
VET861,51,63,70,0.47,5,89,30,92,40.7,High
VET862,64,47,92,0.35,3,56,33,82,35.3,High
VET863,91,50,52,0.35,1,44,68,46,29.3,High
VET864,98,52,77,0.26,1,60,83,69,23.0,Medium
VET865,60,56,61,0.4,5,69,62,42,36.8,High
VET866,75,47,86,0.31,3,44,62,81,31.1,High
VET867,92,60,62,0.37,2,62,49,87,28.1,High
VET868,62,57,53,0.27,5,49,45,66,29.7,High
VET869,55,69,68,0.39,3,71,50,90,34.7,High
VET870,96,57,63,0.43,1,41,74,63,30.9,High
VET871,78,85,85,0.16,3,66,91,99,15.4,Medium
VET872,84,86,57,0.43,1,38,60,46,27.5,High
VET873,92,70,66,0.32,5,52,71,49,23.6,Medium
VET874,81,77,36,0.44,5,37,41,88,30.4,High
VET875,97,71,97,0.27,4,61,94,98,19.9,Medium
VET876,78,50,66,0.25,4,77,32,62,26.9,High
VET877,53,84,85,0.47,4,43,38,46,36.1,High
VET878,70,64,94,0.2,5,56,80,86,23.2,Medium
VET879,97,72,94,0.44,2,54,45,30,28.2,High
VET880,44,99,76,0.29,5,42,32,42,25.9,High
VET881,74,77,49,0.31,3,84,53,56,25.3,High
VET882,62,80,48,0.22,5,50,42,99,22.6,Medium
VET883,68,47,58,0.33,5,74,31,88,33.5,High
VET884,82,50,89,0.23,1,60,50,35,25.1,High
VET885,50,61,47,0.12,1,66,48,52,23.8,Medium
VET886,57,90,64,0.21,1,77,76,39,21.1,Medium
VET887,86,63,72,0.1,5,87,51,80,15.2,Medium
VET888,51,80,40,0.49,2,72,62,48,38.3,High
VET889,48,56,78,0.49,3,83,61,80,43.7,High
VET890,49,51,67,0.26,3,34,93,97,33.0,High
VET891,97,96,93,0.39,2,42,68,71,20.9,Medium
VET892,83,85,98,0.24,2,57,71,86,18.4,Medium
VET893,56,71,37,0.37,3,72,38,97,33.1,High
VET894,77,54,63,0.42,4,54,54,67,34.8,High
VET895,46,55,77,0.48,1,80,31,91,43.8,High
VET896,85,93,85,0.26,1,64,48,36,17.4,Medium
VET897,52,61,94,0.41,3,76,49,79,37.9,High
VET898,79,67,60,0.21,2,68,99,81,21.3,Medium
VET899,81,59,33,0.5,4,36,46,55,37.0,High
VET900,48,72,79,0.11,3,67,97,55,21.5,Medium
VET901,89,49,98,0.34,1,61,32,48,29.4,High
VET902,66,79,59,0.36,5,32,80,38,29.0,High
VET903,97,71,88,0.38,2,74,55,90,25.4,High
VET904,41,89,96,0.15,5,68,85,49,21.5,Medium
VET905,44,99,74,0.48,3,66,93,79,35.4,High
VET906,68,72,33,0.17,1,84,37,51,20.5,Medium
VET907,76,41,55,0.35,4,79,66,42,34.1,High
VET908,77,72,56,0.19,5,51,56,41,19.7,Medium
VET909,58,72,75,0.22,4,37,74,39,25.0,High
VET910,47,80,93,0.32,1,46,33,94,30.6,High
VET911,87,52,80,0.27,5,81,66,59,25.7,High
VET912,84,69,79,0.16,4,56,62,37,17.4,Medium
VET913,40,72,35,0.17,4,62,60,50,26.1,High
VET914,61,52,88,0.27,5,75,84,51,30.9,High
VET915,91,91,44,0.4,1,46,41,47,23.6,Medium
VET916,56,65,59,0.46,4,71,40,95,38.8,High
VET917,46,61,71,0.13,3,41,61,77,25.1,High
VET918,64,78,66,0.26,5,77,86,73,24.6,Medium
VET919,84,41,71,0.14,2,75,67,38,22.0,Medium
VET920,43,77,64,0.11,2,56,89,96,21.5,Medium
VET921,75,78,35,0.36,1,77,48,83,27.4,High
VET922,45,65,97,0.34,3,37,85,55,35.0,High
VET923,99,85,47,0.17,4,52,43,55,11.7,Medium
VET924,70,97,58,0.19,2,89,62,63,16.1,Medium
VET925,58,89,88,0.11,1,71,39,37,16.1,Medium
VET926,83,54,76,0.43,3,78,93,39,34.1,High
VET927,93,73,46,0.49,3,88,93,77,31.3,High
VET928,78,81,51,0.15,1,58,91,84,15.7,Medium
VET929,66,94,97,0.19,1,79,97,83,17.5,Medium
VET930,49,83,98,0.45,4,49,72,69,36.1,High
VET931,65,88,66,0.47,1,45,88,44,32.9,High
VET932,58,79,78,0.27,4,46,81,47,26.1,High
VET933,78,50,42,0.12,4,45,48,52,20.4,Medium
VET934,42,42,63,0.12,5,48,50,91,29.2,High
VET935,84,98,82,0.33,3,85,51,75,20.1,Medium
VET936,52,45,80,0.26,3,85,38,68,33.6,High
VET937,89,48,32,0.11,3,37,38,44,18.1,Medium
VET938,67,45,71,0.33,5,67,56,82,34.1,High
VET939,97,48,61,0.1,4,67,46,93,16.0,Medium
VET940,59,78,80,0.41,4,82,73,92,33.1,High
VET941,67,70,75,0.22,1,58,74,45,23.6,Medium
VET942,47,71,50,0.12,5,70,37,99,22.4,Medium
VET943,80,80,73,0.34,1,65,47,95,25.0,High
VET944,78,89,40,0.26,5,55,62,42,19.6,Medium
VET945,40,51,97,0.49,1,60,30,76,46.3,High
VET946,42,47,30,0.32,2,73,35,38,38.2,High
VET947,52,47,92,0.21,3,89,70,92,30.7,High
VET948,67,89,53,0.38,3,41,84,63,27.8,High
VET949,96,67,42,0.21,4,84,34,58,17.9,Medium
VET950,99,59,40,0.46,2,46,88,66,31.4,High
VET951,88,86,80,0.25,3,44,47,72,17.7,Medium
VET952,64,98,46,0.32,4,38,78,93,23.6,Medium
VET953,95,46,53,0.12,2,68,94,53,17.8,Medium
VET954,72,50,48,0.27,3,71,83,63,29.1,High
VET955,77,59,66,0.43,1,77,90,77,34.3,High
VET956,92,55,37,0.42,5,41,37,41,31.6,High
VET957,45,43,57,0.19,2,61,32,52,31.9,High
VET958,97,45,34,0.19,4,54,54,42,21.1,Medium
VET959,83,97,46,0.43,2,68,98,74,25.5,High
VET960,84,61,65,0.47,4,47,84,94,34.5,High
VET961,71,65,48,0.14,2,44,69,76,19.8,Medium
VET962,84,42,93,0.28,4,61,79,87,28.8,High
VET963,86,80,40,0.23,3,35,62,34,18.3,Medium
VET964,60,99,83,0.45,1,87,47,34,30.7,High
VET965,55,81,74,0.13,3,73,86,89,19.3,Medium
VET966,93,53,76,0.18,1,72,45,50,19.8,Medium
VET967,60,50,41,0.4,3,81,67,53,38.0,High
VET968,50,57,50,0.12,3,64,70,47,24.6,Medium
VET969,99,93,40,0.3,2,63,36,50,16.6,Medium
VET970,76,51,34,0.28,5,67,82,83,28.6,High
VET971,75,62,85,0.23,4,85,92,39,24.1,Medium
VET972,74,51,49,0.26,4,83,61,53,28.0,High
VET973,58,52,70,0.31,4,86,67,89,33.5,High
VET974,59,64,75,0.16,1,34,51,86,23.4,Medium
VET975,96,84,41,0.33,4,47,45,52,20.5,Medium
VET976,57,90,99,0.42,4,45,81,51,31.6,High
VET977,86,97,46,0.4,2,37,58,97,23.4,Medium
VET978,80,58,48,0.16,3,54,45,63,20.4,Medium
VET979,88,94,55,0.16,4,61,46,99,11.6,Medium
VET980,53,85,77,0.21,5,55,93,57,22.9,Medium
VET981,54,75,81,0.24,4,81,42,68,26.2,High
VET982,70,84,99,0.26,1,51,85,71,22.2,Medium
VET983,40,47,84,0.37,1,60,34,52,41.1,High
VET984,92,68,62,0.12,1,72,41,99,14.0,Medium
VET985,93,94,91,0.11,4,39,70,31,8.1,Low
VET986,93,92,52,0.26,2,85,32,53,16.0,Medium
VET987,42,94,44,0.38,5,86,62,46,31.8,High
VET988,55,71,56,0.18,4,41,79,94,23.8,Medium
VET989,62,90,93,0.36,2,82,85,99,27.6,High
VET990,96,83,80,0.2,2,57,38,98,14.2,Medium
VET991,50,57,82,0.45,4,35,79,89,41.1,High
VET992,51,45,80,0.46,4,88,58,79,43.8,High
VET993,49,57,76,0.22,2,49,68,41,29.8,High
VET994,71,58,33,0.19,2,34,74,76,23.7,Medium
VET995,55,61,36,0.26,2,52,46,96,29.8,High
VET996,47,76,64,0.2,4,38,85,94,25.4,High
VET997,77,71,77,0.37,2,87,75,56,28.9,High
VET998,51,95,74,0.43,1,88,96,77,32.3,High
VET999,63,80,48,0.37,4,58,98,91,29.9,High
VET1000,67,98,92,0.43,1,45,43,73,28.5,High
VET1001,92,42,67,0.26,3,83,96,48,26.2,High
VET1002,47,67,96,0.16,4,75,52,88,25.2,High
VET1003,97,49,88,0.4,3,51,90,37,30.8,High
VET1004,67,90,98,0.24,2,37,52,84,20.6,Medium
VET1005,75,74,42,0.37,2,88,56,76,28.7,High
VET1006,65,68,76,0.21,5,49,83,31,23.9,Medium
VET1007,47,93,90,0.13,2,80,39,68,18.5,Medium
VET1008,97,54,60,0.5,3,43,45,74,34.8,High
VET1009,99,72,51,0.16,2,68,70,61,13.8,Medium
VET1010,89,46,72,0.5,4,66,84,94,38.0,High
VET1011,67,51,96,0.49,2,79,90,67,40.9,High
VET1012,67,88,83,0.42,5,63,78,40,30.0,High
VET1013,76,69,39,0.36,2,40,81,39,29.0,High
VET1014,80,60,71,0.33,3,83,31,88,28.5,High
VET1015,75,70,93,0.45,3,69,79,84,33.5,High
VET1016,66,97,50,0.22,2,62,72,49,18.4,Medium
VET1017,93,63,95,0.29,3,60,37,46,23.3,Medium
VET1018,56,59,70,0.35,3,88,88,97,34.5,High
VET1019,48,76,53,0.26,5,83,94,34,28.2,High
VET1020,72,43,64,0.27,4,73,41,89,30.5,High
VET1021,92,67,85,0.23,5,63,33,52,19.7,Medium
VET1022,59,83,59,0.33,1,79,70,75,28.1,High
VET1023,52,59,86,0.44,5,36,36,81,39.8,High
VET1024,67,99,76,0.18,2,87,98,39,15.8,Medium
VET1025,87,63,64,0.47,4,78,98,75,33.5,High
VET1026,68,89,48,0.38,2,83,59,57,27.6,High
VET1027,52,88,37,0.43,1,52,35,72,33.5,High
VET1028,85,90,55,0.32,4,75,48,55,21.0,Medium
VET1029,74,71,59,0.41,3,85,95,84,31.5,High
VET1030,45,80,36,0.11,5,36,39,77,20.5,Medium
VET1031,57,75,96,0.43,2,83,45,58,35.1,High
VET1032,90,97,94,0.12,1,54,66,56,8.6,Low
VET1033,44,92,65,0.46,3,32,61,47,35.8,High
VET1034,86,73,54,0.5,5,88,76,89,33.2,High
VET1035,64,75,66,0.22,3,67,72,98,23.2,Medium
VET1036,41,41,30,0.18,5,49,65,50,32.6,High
VET1037,49,54,44,0.41,4,63,55,53,39.9,High
VET1038,95,73,66,0.2,3,78,39,32,16.4,Medium
VET1039,69,75,42,0.45,3,73,60,91,33.7,High
VET1040,89,45,37,0.14,3,73,58,31,20.2,Medium
VET1041,98,78,34,0.15,4,59,34,95,12.3,Medium
VET1042,84,81,89,0.49,1,46,30,71,31.5,High
VET1043,44,90,30,0.37,5,88,32,63,31.7,High
VET1044,94,90,65,0.44,3,39,96,71,25.2,High
VET1045,95,97,64,0.23,4,64,64,49,13.1,Medium
VET1046,72,93,95,0.37,1,49,44,97,25.5,High
VET1047,93,51,92,0.34,5,47,96,74,28.2,High
VET1048,40,42,52,0.34,4,74,59,71,40.6,High
VET1049,57,84,38,0.37,5,73,72,76,30.3,High
VET1050,71,57,63,0.33,3,56,89,34,30.9,High
VET1051,86,79,75,0.27,1,88,69,78,20.5,Medium
VET1052,88,60,33,0.21,4,88,94,66,20.9,Medium
VET1053,50,54,59,0.41,1,78,58,63,39.7,High
VET1054,60,72,32,0.19,3,65,48,99,23.1,Medium
VET1055,65,74,43,0.38,1,52,32,47,31.2,High
VET1056,64,65,89,0.19,1,61,65,48,23.7,Medium
VET1057,61,47,74,0.35,2,39,72,69,35.9,High
VET1058,98,75,63,0.4,1,40,44,46,25.4,High
VET1059,66,87,74,0.19,5,67,70,89,18.9,Medium
VET1060,88,69,90,0.12,4,35,65,71,14.6,Medium
VET1061,52,62,45,0.15,2,88,62,94,24.7,Medium
VET1062,72,81,95,0.34,4,70,34,82,26.4,High
VET1063,73,83,69,0.44,4,76,43,36,30.8,High
VET1064,80,53,46,0.12,3,63,97,34,19.4,Medium
VET1065,74,53,63,0.39,3,65,76,53,34.1,High
VET1066,40,41,45,0.24,2,66,83,57,35.8,High
VET1067,60,94,89,0.29,3,46,33,91,23.7,Medium
VET1068,87,76,95,0.47,3,69,38,46,30.9,High
VET1069,94,44,95,0.23,3,69,82,49,23.9,Medium
VET1070,45,77,42,0.29,4,83,89,32,30.1,High
VET1071,67,84,85,0.11,2,41,75,66,15.3,Medium
VET1072,56,80,60,0.13,4,50,83,44,19.3,Medium
VET1073,44,93,63,0.2,5,69,66,80,22.6,Medium
VET1074,70,99,68,0.11,4,48,52,77,11.7,Medium
VET1075,44,86,96,0.35,5,32,56,37,31.5,High
VET1076,77,53,37,0.27,1,47,99,42,27.5,High
VET1077,42,95,84,0.32,1,82,95,77,28.6,High
VET1078,92,78,56,0.17,5,80,90,32,14.5,Medium
VET1079,62,64,82,0.22,5,48,80,94,25.8,High
VET1080,76,59,68,0.37,4,76,79,60,31.5,High
VET1081,92,41,94,0.49,5,35,48,55,37.9,High
VET1082,76,78,46,0.12,2,45,30,85,15.2,Medium
VET1083,49,45,59,0.46,1,37,69,63,44.2,High
VET1084,49,56,82,0.33,1,77,61,38,35.5,High
VET1085,58,98,42,0.33,5,47,51,91,25.3,High
VET1086,56,64,50,0.3,3,81,95,42,31.0,High
VET1087,60,96,48,0.13,3,77,69,98,15.3,Medium
VET1088,53,67,82,0.14,5,72,67,70,23.0,Medium
VET1089,48,41,48,0.34,2,68,77,30,39.2,High
VET1090,85,74,86,0.24,3,78,84,76,20.2,Medium
VET1091,40,76,54,0.47,5,78,84,33,40.3,High
VET1092,90,44,60,0.26,2,41,80,92,26.2,High
VET1093,84,40,84,0.16,2,74,89,81,23.2,Medium
VET1094,52,79,52,0.39,4,39,37,39,33.3,High
VET1095,43,51,61,0.22,2,36,97,57,32.2,High
VET1096,40,95,91,0.31,3,75,38,35,28.5,High
VET1097,88,75,39,0.38,3,84,31,56,26.4,High
VET1098,79,84,83,0.46,5,30,99,41,30.4,High
VET1099,71,62,81,0.42,5,78,88,91,34.4,High
VET1100,73,86,49,0.37,2,65,48,81,26.7,High
VET1101,67,70,61,0.37,1,50,57,77,31.1,High
VET1102,70,50,43,0.48,4,66,43,96,40.0,High
VET1103,47,49,79,0.22,1,81,53,75,31.8,High
VET1104,78,42,57,0.1,2,53,73,44,21.0,Medium
VET1105,65,93,82,0.21,2,84,85,65,18.9,Medium
VET1106,97,53,53,0.19,1,54,80,43,19.5,Medium
VET1107,73,55,51,0.36,4,36,61,32,32.4,High
VET1108,93,49,59,0.35,1,71,79,96,29.1,High
VET1109,93,68,92,0.34,5,46,70,48,24.8,Medium
VET1110,42,49,33,0.11,3,58,95,83,27.3,High
VET1111,98,51,88,0.39,5,59,54,98,29.7,High
VET1112,89,69,37,0.23,3,36,90,39,19.9,Medium
VET1113,51,80,41,0.37,2,62,95,62,32.3,High
VET1114,40,40,60,0.32,4,36,71,42,40.0,High
VET1115,93,44,63,0.24,1,87,94,80,24.6,Medium
VET1116,83,59,78,0.15,4,53,65,61,19.1,Medium
VET1117,44,47,86,0.14,1,40,38,53,28.8,High
VET1118,69,82,55,0.43,5,38,65,64,31.3,High
VET1119,69,51,47,0.47,5,41,67,99,39.5,High
VET1120,98,40,67,0.36,1,64,62,69,30.4,High
VET1121,96,96,79,0.14,4,33,71,83,8.6,Low
VET1122,56,93,37,0.26,1,65,90,73,23.2,Medium
VET1123,87,59,70,0.39,2,57,75,91,30.3,High
VET1124,86,67,35,0.41,5,86,90,97,29.9,High
VET1125,62,96,98,0.15,2,42,47,62,15.9,Medium
VET1126,54,82,73,0.1,5,52,99,85,17.8,Medium
VET1127,76,76,93,0.38,5,48,44,65,28.6,High
VET1128,60,86,58,0.24,3,71,77,83,22.8,Medium
VET1129,53,76,57,0.2,2,66,42,48,24.2,Medium
VET1130,41,51,40,0.11,2,68,72,72,27.1,High
VET1131,50,76,94,0.32,3,53,89,41,30.8,High
VET1132,90,88,48,0.44,4,45,86,40,26.4,High
VET1133,78,88,38,0.48,2,62,46,99,30.8,High
VET1134,77,95,56,0.33,1,41,79,41,22.1,Medium
VET1135,99,83,63,0.31,3,63,61,70,19.1,Medium
VET1136,73,95,73,0.13,2,36,51,54,12.9,Medium
VET1137,77,67,97,0.32,4,40,84,32,27.2,High
VET1138,89,86,44,0.25,2,60,86,32,17.5,Medium
VET1139,73,54,80,0.34,5,58,42,57,31.6,High
VET1140,57,45,42,0.26,1,42,76,52,32.6,High
VET1141,69,83,78,0.2,3,60,91,77,19.6,Medium
VET1142,54,98,99,0.14,5,31,83,96,16.6,Medium
VET1143,66,59,85,0.23,4,68,58,71,26.5,High
VET1144,90,89,80,0.14,5,44,51,69,11.2,Medium
VET1145,73,53,66,0.17,5,86,94,35,23.3,Medium
VET1146,91,41,46,0.49,4,40,58,49,38.1,High
VET1147,96,48,87,0.28,5,63,77,40,25.2,High
VET1148,77,76,58,0.31,3,68,34,56,24.9,Medium
VET1149,72,59,62,0.45,2,33,64,50,36.3,High
VET1150,63,65,89,0.5,5,40,75,42,39.4,High
VET1151,54,68,84,0.33,3,58,64,64,32.1,High
VET1152,99,40,39,0.42,2,31,74,76,33.2,High
VET1153,69,94,76,0.23,2,45,42,57,18.9,Medium
VET1154,94,74,52,0.22,5,68,39,50,17.4,Medium
VET1155,81,45,50,0.26,3,42,95,47,27.8,High
VET1156,90,76,42,0.37,5,66,99,60,25.3,High
VET1157,56,92,62,0.37,4,46,54,89,28.9,High
VET1158,44,98,53,0.23,2,50,73,66,23.1,Medium
VET1159,68,44,40,0.15,5,73,89,50,25.1,High
VET1160,43,72,46,0.35,2,89,76,43,34.5,High
VET1161,49,88,97,0.15,3,48,69,89,20.1,Medium
VET1162,95,90,76,0.33,1,36,36,52,19.5,Medium
VET1163,56,53,54,0.38,5,67,75,58,37.2,High
VET1164,49,51,50,0.38,5,37,52,76,39.0,High
VET1165,56,81,41,0.4,2,42,75,59,32.6,High
VET1166,99,59,66,0.45,3,66,42,67,30.9,High
VET1167,59,92,71,0.3,4,31,50,56,24.8,Medium
VET1168,63,89,46,0.39,3,70,30,44,29.1,High
VET1169,44,63,77,0.35,5,40,48,88,36.1,High
VET1170,73,98,57,0.17,4,53,89,32,14.3,Medium
VET1171,45,82,70,0.11,3,35,62,39,20.1,Medium
VET1172,92,73,76,0.21,1,55,33,46,17.5,Medium
VET1173,41,64,47,0.28,2,36,32,40,33.0,High
VET1174,52,89,42,0.35,3,86,81,77,29.3,High
VET1175,82,68,42,0.44,3,68,57,34,32.0,High
VET1176,82,96,60,0.18,1,48,99,98,13.4,Medium
VET1177,87,78,31,0.15,5,35,99,93,14.5,Medium
VET1178,50,70,45,0.49,2,72,84,43,40.5,High
VET1179,90,95,38,0.14,3,58,86,79,10.0,Medium
VET1180,86,86,67,0.29,4,72,45,55,20.1,Medium
VET1181,96,82,83,0.33,3,68,53,98,20.9,Medium
VET1182,62,89,85,0.32,2,31,98,36,25.8,High
VET1183,94,62,74,0.13,3,48,70,45,15.3,Medium
VET1184,55,83,63,0.12,1,33,76,84,18.4,Medium
VET1185,70,77,38,0.14,3,87,98,85,17.6,Medium
VET1186,50,59,37,0.33,3,35,60,33,34.7,High
VET1187,93,62,36,0.32,4,78,59,77,25.0,High
VET1188,55,84,65,0.19,1,86,47,46,21.7,Medium
VET1189,47,91,47,0.36,1,66,73,65,30.4,High
VET1190,43,55,32,0.43,3,57,56,99,41.9,High
VET1191,79,89,57,0.12,4,59,55,67,12.4,Medium
VET1192,43,81,99,0.3,3,36,89,91,30.2,High
VET1193,95,99,73,0.38,3,38,47,77,20.2,Medium
VET1194,64,94,50,0.2,2,54,85,39,18.4,Medium
VET1195,42,47,57,0.22,2,62,60,65,33.2,High
VET1196,71,89,83,0.35,4,30,88,58,25.5,High
VET1197,42,60,83,0.46,5,80,31,33,42.6,High
VET1198,66,40,94,0.42,2,35,68,73,39.8,High
VET1199,68,94,50,0.33,5,47,90,85,24.1,Medium
VET1200,71,47,42,0.39,1,39,92,71,35.9,High
VET1201,89,68,86,0.25,2,57,47,42,21.1,Medium
VET1202,97,71,78,0.36,2,40,46,75,24.4,Medium
VET1203,90,77,83,0.29,4,62,68,62,21.1,Medium
VET1204,58,44,39,0.18,5,30,83,50,28.6,High
VET1205,60,86,82,0.38,2,42,64,86,29.8,High
VET1206,44,61,73,0.32,2,66,40,98,35.0,High
VET1207,57,86,76,0.24,4,49,90,99,23.4,Medium
VET1208,67,73,82,0.46,4,30,73,96,35.0,High
VET1209,81,40,75,0.11,5,81,97,77,21.3,Medium
VET1210,61,94,42,0.23,1,32,54,62,20.5,Medium
VET1211,60,94,66,0.12,1,47,77,65,15.2,Medium
VET1212,45,65,53,0.41,3,70,61,62,38.5,High
VET1213,40,82,31,0.38,2,43,33,60,34.6,High
VET1214,44,49,43,0.23,5,60,67,50,32.9,High
VET1215,80,69,39,0.37,2,56,92,56,28.7,High
VET1216,51,89,64,0.26,5,46,76,91,25.0,High
VET1217,65,57,54,0.4,5,84,30,55,35.6,High
VET1218,85,56,32,0.28,5,75,32,95,25.8,High
VET1219,73,65,46,0.26,2,58,91,41,25.4,High
VET1220,88,47,41,0.47,4,65,93,51,36.5,High
VET1221,53,86,83,0.2,2,66,46,46,22.2,Medium
VET1222,65,79,53,0.15,5,55,91,36,18.7,Medium
VET1223,84,88,58,0.33,3,82,64,97,22.1,Medium
VET1224,66,51,72,0.49,1,46,42,66,41.1,High
VET1225,48,66,54,0.25,5,51,64,67,29.7,High
VET1226,65,47,89,0.12,3,54,72,40,23.6,Medium
VET1227,96,64,94,0.24,4,31,31,30,20.0,Medium
VET1228,86,85,57,0.3,5,84,85,54,20.8,Medium
VET1229,96,43,45,0.16,3,51,80,71,20.2,Medium
VET1230,61,72,76,0.36,5,34,83,81,31.4,High
VET1231,86,40,87,0.5,2,33,45,53,39.8,High
VET1232,95,58,56,0.28,3,65,47,82,23.4,Medium
VET1233,69,70,82,0.24,2,35,36,85,24.2,Medium
VET1234,82,55,71,0.26,2,81,74,92,25.6,High
VET1235,87,53,88,0.15,3,50,65,37,19.5,Medium
VET1236,56,92,76,0.45,1,42,70,88,32.9,High
VET1237,65,87,63,0.27,3,83,71,74,23.1,Medium
VET1238,75,44,66,0.25,1,66,36,56,28.7,High
VET1239,40,80,35,0.36,5,84,44,81,34.0,High
VET1240,47,65,36,0.28,5,54,89,47,31.6,High
VET1241,88,67,54,0.36,3,55,69,45,27.0,High
VET1242,74,41,62,0.12,5,84,66,95,23.0,Medium
VET1243,91,89,84,0.43,4,68,95,34,25.5,High
VET1244,54,45,87,0.48,2,49,84,32,44.2,High
VET1245,86,48,36,0.36,2,62,85,99,31.2,High
VET1246,95,72,86,0.48,1,43,73,36,30.6,High
VET1247,61,80,41,0.16,5,85,86,79,19.8,Medium
VET1248,53,64,45,0.29,1,65,35,43,31.1,High
VET1249,65,87,72,0.34,2,46,61,67,26.6,High
VET1250,67,52,36,0.33,2,50,47,76,32.7,High
VET1251,62,48,80,0.26,5,75,97,62,31.0,High
VET1252,53,92,61,0.24,4,45,36,72,23.0,Medium
VET1253,63,52,37,0.15,4,75,37,58,24.5,Medium
VET1254,41,70,74,0.26,5,45,93,86,30.8,High
VET1255,84,80,88,0.17,5,85,36,34,15.7,Medium
VET1256,65,50,33,0.39,1,49,70,89,36.5,High
VET1257,53,43,96,0.18,5,58,69,99,29.8,High
VET1258,98,73,58,0.12,4,57,32,31,11.8,Medium
VET1259,95,77,58,0.32,5,37,46,99,21.6,Medium
VET1260,90,85,57,0.34,1,53,95,72,22.0,Medium
VET1261,46,43,73,0.45,1,32,81,33,44.7,High
VET1262,42,77,33,0.33,1,54,51,85,32.7,High
VET1263,86,58,38,0.24,1,48,33,88,23.2,Medium
VET1264,62,45,34,0.42,3,62,35,38,39.6,High
VET1265,85,73,85,0.32,5,31,67,32,24.4,Medium
VET1266,82,57,79,0.13,2,44,55,77,18.7,Medium
VET1267,86,52,44,0.33,5,51,40,72,28.9,High
VET1268,99,80,61,0.46,3,89,46,30,27.2,High
VET1269,84,62,57,0.26,1,39,60,86,23.8,Medium
VET1270,57,58,51,0.22,3,47,64,82,28.0,High
VET1271,97,84,46,0.16,4,51,45,45,11.8,Medium
VET1272,77,50,88,0.16,4,75,47,80,22.6,Medium
VET1273,74,40,86,0.27,5,78,91,84,30.7,High
VET1274,90,63,55,0.34,5,56,56,30,26.4,High
VET1275,54,93,54,0.13,2,42,64,57,17.1,Medium
VET1276,64,46,39,0.48,2,62,74,82,42.0,High
VET1277,94,64,74,0.4,4,34,64,87,28.4,High
VET1278,76,60,40,0.33,1,55,57,89,29.3,High
VET1279,67,54,82,0.43,3,42,38,88,37.3,High
VET1280,49,40,97,0.13,2,56,44,51,28.7,High
VET1281,78,51,57,0.29,2,86,50,37,28.7,High
VET1282,96,97,94,0.35,1,43,81,78,18.9,Medium
VET1283,56,46,78,0.43,1,53,64,71,41.1,High
VET1284,78,54,76,0.41,5,32,80,56,34.1,High
VET1285,61,60,81,0.21,3,76,84,68,26.3,High
VET1286,65,58,83,0.48,1,80,73,54,39.4,High
VET1287,83,99,89,0.15,2,78,94,67,11.1,Medium
VET1288,64,68,86,0.45,2,59,54,53,36.1,High
VET1289,56,64,76,0.49,4,64,76,53,40.5,High
VET1290,52,72,60,0.17,1,77,85,89,23.7,Medium
VET1291,59,88,75,0.39,5,43,67,79,30.1,High
VET1292,64,71,55,0.12,3,41,40,95,19.0,Medium
VET1293,43,88,34,0.26,5,57,96,43,26.8,High
VET1294,49,74,81,0.31,2,73,44,82,30.9,High
VET1295,42,83,83,0.33,5,58,30,61,31.5,High
VET1296,80,77,62,0.47,2,72,36,77,32.1,High
VET1297,84,65,79,0.37,2,46,30,68,28.7,High
VET1298,57,50,67,0.29,2,69,78,69,33.1,High
VET1299,86,74,56,0.42,2,78,58,71,29.0,High
VET1300,75,47,44,0.48,2,50,55,37,39.6,High
VET1301,86,85,90,0.11,4,86,74,55,11.3,Medium
VET1302,61,53,50,0.49,5,52,41,41,41.7,High
VET1303,73,49,75,0.13,4,49,61,72,22.1,Medium
VET1304,86,41,98,0.43,4,40,49,80,36.1,High
VET1305,47,85,35,0.21,1,86,80,92,24.1,Medium
VET1306,79,48,67,0.15,1,86,65,78,22.1,Medium
VET1307,88,42,91,0.28,1,63,96,56,28.0,High
VET1308,83,60,91,0.36,3,39,30,38,29.4,High
VET1309,58,65,75,0.25,1,39,56,68,27.9,High
VET1310,81,47,42,0.12,5,72,69,94,20.4,Medium
VET1311,80,87,32,0.34,4,89,43,36,23.6,Medium
VET1312,76,41,35,0.46,5,35,98,96,39.6,High
VET1313,45,45,37,0.25,1,65,35,39,34.5,High
VET1314,91,67,73,0.19,3,53,62,82,17.9,Medium
VET1315,65,92,62,0.28,3,41,84,86,22.6,Medium
VET1316,73,68,79,0.12,4,72,48,56,17.8,Medium
VET1317,98,65,40,0.43,5,84,58,83,28.9,High
VET1318,95,64,57,0.43,2,52,90,33,29.7,High
VET1319,98,51,99,0.34,5,56,99,52,27.2,High
VET1320,84,44,70,0.24,1,87,53,77,26.4,High
VET1321,45,73,45,0.42,2,86,52,71,37.4,High
VET1322,76,87,97,0.32,3,74,39,32,23.4,Medium
VET1323,96,76,77,0.43,4,66,83,32,27.1,High
VET1324,72,54,85,0.35,4,35,70,57,32.3,High
VET1325,92,83,93,0.41,3,30,78,92,25.5,High
VET1326,61,75,88,0.34,1,35,46,60,29.8,High
VET1327,60,54,91,0.27,3,79,85,39,30.7,High
VET1328,45,82,40,0.48,1,51,74,78,38.6,High
VET1329,45,87,47,0.32,2,70,59,50,29.6,High
VET1330,94,62,48,0.34,3,53,73,82,25.8,High
VET1331,87,45,84,0.19,1,54,84,83,23.1,Medium
VET1332,43,85,55,0.35,2,44,48,86,31.9,High
VET1333,69,89,35,0.33,3,55,58,49,24.9,Medium
VET1334,50,83,33,0.17,4,37,31,78,21.9,Medium
VET1335,69,98,58,0.12,3,80,65,36,12.6,Medium
VET1336,70,82,88,0.34,5,53,48,58,26.6,High
VET1337,63,84,46,0.41,3,77,36,77,31.1,High
VET1338,94,60,72,0.31,5,67,55,42,24.7,Medium
VET1339,48,62,95,0.19,2,35,67,32,27.5,High
VET1340,94,82,63,0.37,3,83,32,31,23.3,Medium
VET1341,42,94,37,0.13,2,64,95,45,19.3,Medium
VET1342,90,55,42,0.28,2,71,72,35,25.0,High
VET1343,70,86,37,0.17,1,30,91,74,17.3,Medium
VET1344,79,92,94,0.17,2,89,53,34,14.3,Medium
VET1345,76,99,72,0.18,2,75,68,85,14.0,Medium
VET1346,75,54,68,0.25,3,65,97,61,26.7,High
VET1347,63,64,88,0.12,3,87,73,78,20.6,Medium
VET1348,70,75,73,0.26,4,41,34,42,24.0,Medium
VET1349,45,50,38,0.3,1,67,84,59,36.0,High
VET1350,41,90,66,0.29,2,40,59,54,28.3,High
VET1351,59,54,65,0.25,1,41,58,89,29.9,High
VET1352,67,43,57,0.44,5,71,55,88,40.0,High
VET1353,50,60,71,0.16,2,79,55,57,26.0,High
VET1354,43,52,72,0.3,1,68,66,87,36.0,High
VET1355,54,61,71,0.12,4,36,82,49,23.0,Medium
VET1356,45,58,95,0.13,4,40,59,63,25.9,High
VET1357,93,73,84,0.33,2,65,32,34,23.3,Medium
VET1358,88,53,77,0.33,5,81,72,89,28.3,High
VET1359,69,43,51,0.45,4,60,36,72,40.1,High
VET1360,95,87,56,0.32,4,62,78,86,19.6,Medium
VET1361,77,92,96,0.48,5,42,70,86,30.2,High
VET1362,90,91,42,0.12,1,47,83,83,9.8,Low
VET1363,96,85,74,0.14,4,70,98,74,10.8,Medium
VET1364,41,66,39,0.12,3,87,56,66,24.6,Medium
VET1365,54,68,38,0.17,4,85,37,77,24.1,Medium
VET1366,50,86,83,0.32,1,53,61,83,28.8,High
VET1367,47,67,56,0.36,1,38,93,77,35.2,High
VET1368,65,74,63,0.12,2,60,39,35,18.2,Medium
VET1369,90,47,30,0.48,3,84,42,63,36.6,High
VET1370,84,55,61,0.44,1,70,92,92,34.2,High
VET1371,83,81,96,0.22,5,39,64,77,18.2,Medium
VET1372,44,75,49,0.13,3,89,90,52,22.7,Medium
VET1373,45,69,64,0.17,3,31,83,42,25.7,High
VET1374,65,57,46,0.15,5,67,37,76,23.1,Medium
VET1375,93,41,47,0.15,4,44,58,73,20.7,Medium
VET1376,43,88,74,0.31,5,32,70,61,29.3,High
VET1377,58,52,82,0.2,5,72,59,55,28.0,High
VET1378,59,43,97,0.24,4,60,50,82,31.6,High
VET1379,72,65,94,0.5,4,35,40,43,37.6,High
VET1380,59,64,30,0.37,4,32,31,81,33.9,High
VET1381,88,69,87,0.48,4,85,79,65,32.6,High
VET1382,51,50,55,0.16,4,40,70,37,27.8,High
VET1383,86,46,49,0.25,5,44,95,69,26.1,High
VET1384,40,70,39,0.32,2,74,32,51,34.0,High
VET1385,65,83,88,0.13,2,81,80,45,16.9,Medium
VET1386,53,49,70,0.1,1,57,97,89,24.6,Medium
VET1387,77,78,34,0.37,2,39,54,89,27.5,High
VET1388,76,52,94,0.36,2,67,59,39,32.4,High
VET1389,50,70,46,0.26,5,76,40,54,29.0,High
VET1390,75,46,51,0.3,4,86,46,60,30.8,High
VET1391,52,95,70,0.27,4,79,55,50,24.1,Medium
VET1392,82,88,97,0.11,5,79,52,62,11.5,Medium
VET1393,42,81,98,0.23,2,36,85,60,26.9,High
VET1394,72,81,40,0.17,5,44,81,50,17.9,Medium
VET1395,45,95,85,0.14,1,47,77,65,19.0,Medium
VET1396,89,75,80,0.48,4,47,49,94,31.2,High
VET1397,95,59,50,0.34,3,81,31,33,26.2,High
VET1398,49,43,55,0.39,1,70,60,97,41.1,High
VET1399,44,93,48,0.23,1,53,56,33,24.1,Medium
VET1400,62,46,89,0.26,5,31,31,38,31.4,High
VET1401,49,93,76,0.19,2,69,33,59,21.1,Medium
VET1402,83,40,55,0.14,4,49,42,74,22.4,Medium
VET1403,41,83,69,0.17,3,63,64,33,23.7,Medium
VET1404,52,95,34,0.42,1,72,95,98,31.6,High
VET1405,79,84,50,0.37,3,55,35,52,25.9,High
VET1406,41,81,33,0.32,2,36,60,45,31.6,High
VET1407,59,86,52,0.29,2,67,39,51,25.5,High
VET1408,40,98,44,0.47,3,59,50,77,35.9,High
VET1409,76,52,37,0.13,4,71,52,91,20.9,Medium
VET1410,48,94,70,0.21,2,34,32,89,22.1,Medium
VET1411,56,61,48,0.24,3,40,61,34,28.6,High
VET1412,48,93,75,0.41,1,30,49,36,32.3,High
VET1413,50,60,57,0.5,3,63,58,80,43.0,High
VET1414,54,61,97,0.2,3,85,81,94,27.0,High
VET1415,63,67,44,0.45,5,30,75,38,36.5,High
VET1416,77,48,66,0.43,2,48,63,74,36.5,High
VET1417,94,65,30,0.19,4,31,90,76,17.7,Medium
VET1418,74,48,96,0.26,4,50,99,96,28.6,High
VET1419,69,54,53,0.26,5,49,40,53,28.4,High
VET1420,70,49,56,0.49,4,52,92,39,40.7,High
VET1421,88,63,69,0.17,3,50,50,77,18.3,Medium
VET1422,44,97,92,0.42,5,53,32,64,32.8,High
VET1423,99,96,90,0.23,1,33,39,83,12.5,Medium
VET1424,83,81,65,0.39,2,41,56,45,26.7,High
VET1425,89,47,53,0.27,2,51,41,82,26.3,High
VET1426,53,63,53,0.33,2,49,36,69,33.3,High
VET1427,92,55,33,0.43,3,47,46,49,32.1,High
VET1428,95,88,96,0.42,1,30,94,98,24.4,Medium
VET1429,50,65,63,0.45,5,59,93,74,39.5,High
VET1430,48,66,86,0.12,5,62,55,35,23.2,Medium
VET1431,73,76,78,0.38,2,53,44,98,29.2,High
VET1432,51,43,82,0.16,1,43,62,78,29.2,High
VET1433,74,89,52,0.27,1,65,91,68,20.9,Medium
VET1434,74,63,98,0.32,1,34,76,31,28.6,High
VET1435,40,58,82,0.26,4,40,64,68,33.4,High
VET1436,79,75,91,0.31,4,53,94,50,24.7,Medium
VET1437,61,99,70,0.5,2,89,54,69,33.0,High
VET1438,99,78,86,0.15,1,60,86,83,12.1,Medium
VET1439,68,49,89,0.37,1,84,61,41,35.1,High
VET1440,47,64,83,0.26,5,42,92,66,30.8,High
VET1441,50,57,99,0.15,5,45,41,67,26.1,High
VET1442,80,58,86,0.16,2,53,92,44,20.4,Medium
VET1443,76,75,39,0.48,1,42,30,36,33.8,High
VET1444,53,49,69,0.45,2,53,80,79,42.1,High
VET1445,99,72,36,0.46,5,83,99,94,28.8,High
VET1446,69,94,67,0.5,5,55,37,96,32.4,High
VET1447,74,89,90,0.18,4,31,97,73,16.4,Medium
VET1448,60,44,32,0.24,2,45,34,60,31.2,High
VET1449,76,86,80,0.37,2,67,68,72,26.1,High
VET1450,44,88,76,0.29,1,75,52,77,28.1,High
VET1451,58,74,97,0.27,1,30,97,90,27.1,High
VET1452,98,83,67,0.24,4,78,81,39,15.8,Medium
VET1453,53,73,65,0.34,3,40,33,58,31.8,High
VET1454,65,72,70,0.33,3,80,76,77,29.1,High
VET1455,43,94,98,0.16,3,64,50,91,20.6,Medium
VET1456,64,60,42,0.29,2,72,85,42,29.7,High
VET1457,84,56,87,0.32,2,58,95,73,28.0,High
VET1458,81,61,79,0.33,5,66,88,76,28.1,High
VET1459,64,87,59,0.18,2,46,36,93,18.8,Medium
VET1460,57,76,91,0.4,2,87,78,82,33.4,High
VET1461,79,54,54,0.11,2,83,45,73,18.9,Medium
VET1462,47,74,56,0.24,4,68,46,57,27.8,High
VET1463,78,67,80,0.41,2,71,63,31,31.5,High
VET1464,79,46,86,0.33,1,57,62,86,31.5,High
VET1465,53,71,76,0.2,1,58,55,86,25.2,High
VET1466,71,50,68,0.38,5,72,95,63,34.8,High
VET1467,90,49,45,0.33,4,32,92,87,28.7,High
VET1468,77,48,51,0.42,1,81,70,81,36.0,High
VET1469,72,53,83,0.39,4,39,87,58,34.5,High
VET1470,62,52,50,0.34,4,88,39,64,34.2,High
VET1471,54,96,45,0.3,5,71,44,77,25.0,High
VET1472,72,64,88,0.15,4,43,71,62,20.3,Medium
VET1473,64,41,60,0.2,2,41,86,38,29.0,High
VET1474,56,74,71,0.27,4,76,46,77,27.5,High
VET1475,72,46,61,0.34,5,71,89,96,33.4,High
VET1476,86,60,88,0.31,5,59,38,65,26.3,High
VET1477,94,57,63,0.22,5,61,65,73,20.8,Medium
VET1478,41,42,38,0.1,1,61,65,89,28.4,High
VET1479,53,81,40,0.3,2,71,77,92,28.2,High
VET1480,92,93,39,0.21,1,61,80,34,13.5,Medium
VET1481,79,78,46,0.39,3,55,99,69,28.1,High
VET1482,79,80,97,0.11,2,80,97,48,13.7,Medium
VET1483,90,88,77,0.33,4,30,51,76,20.9,Medium
VET1484,78,50,81,0.48,5,85,35,94,38.4,High
VET1485,90,78,54,0.17,3,87,55,96,14.9,Medium
VET1486,45,63,50,0.29,2,71,32,47,32.9,High
VET1487,45,99,94,0.14,1,31,81,79,18.2,Medium
VET1488,42,85,92,0.35,5,46,89,59,32.1,High
VET1489,46,58,80,0.32,1,59,92,95,35.2,High
VET1490,90,43,65,0.26,2,85,94,34,26.4,High
VET1491,47,65,95,0.31,2,68,81,71,33.1,High
VET1492,81,77,44,0.46,3,36,43,34,31.4,High
VET1493,91,81,68,0.18,4,81,97,79,14.6,Medium
VET1494,54,71,99,0.11,1,56,57,87,20.5,Medium
VET1495,86,78,30,0.44,3,38,39,37,29.2,High
VET1496,68,84,52,0.33,5,51,86,60,26.1,High
VET1497,72,85,68,0.46,4,63,95,41,31.6,High
VET1498,91,75,86,0.34,3,75,79,50,23.8,Medium
VET1499,69,79,63,0.42,1,78,43,91,31.4,High
VET1500,78,76,70,0.27,2,30,45,62,22.7,Medium
VET1501,66,72,42,0.4,5,38,83,55,32.4,High
VET1502,75,75,99,0.47,1,49,72,69,33.5,High
VET1503,68,42,35,0.33,4,82,71,94,34.5,High
VET1504,77,48,81,0.17,4,48,51,88,23.5,Medium
VET1505,96,47,32,0.21,2,65,97,44,21.9,Medium
VET1506,72,72,92,0.18,2,89,48,30,20.2,Medium
VET1507,76,98,78,0.2,5,69,95,40,15.2,Medium
VET1508,66,45,76,0.22,5,74,68,84,28.8,High
VET1509,94,80,84,0.32,2,33,48,31,21.2,Medium
VET1510,72,78,93,0.34,2,38,45,94,27.0,High
VET1511,43,43,94,0.27,4,70,83,73,36.3,High
VET1512,61,52,96,0.35,2,51,54,45,34.9,High
VET1513,41,88,44,0.13,3,47,47,51,20.7,Medium
VET1514,49,99,61,0.14,1,41,52,47,17.4,Medium
VET1515,44,41,97,0.17,2,71,40,76,31.5,High
VET1516,98,99,47,0.31,5,72,68,59,16.1,Medium
VET1517,49,44,72,0.19,3,68,97,39,30.9,High
VET1518,72,83,64,0.21,5,38,54,87,19.5,Medium
VET1519,93,66,87,0.26,3,35,92,91,21.2,Medium
VET1520,77,71,62,0.42,2,48,59,35,31.4,High
VET1521,52,60,43,0.11,1,77,74,96,23.1,Medium
VET1522,70,47,63,0.36,5,76,90,70,34.6,High
VET1523,86,77,90,0.37,3,36,80,72,25.9,High
VET1524,75,47,33,0.42,4,45,38,47,36.6,High
VET1525,84,89,88,0.47,2,34,31,87,28.9,High
VET1526,63,42,58,0.11,1,45,34,89,24.5,Medium
VET1527,91,93,35,0.16,2,30,91,56,11.2,Medium
VET1528,95,83,78,0.45,4,80,98,97,26.9,High
VET1529,54,97,69,0.28,1,66,81,51,23.8,Medium
VET1530,68,42,94,0.33,4,68,34,53,34.5,High
VET1531,47,61,98,0.37,2,48,88,69,36.9,High
VET1532,44,45,56,0.37,3,83,97,95,40.7,High
VET1533,68,41,35,0.47,2,66,38,69,41.7,High
VET1534,86,62,42,0.5,2,46,51,35,35.4,High
VET1535,43,83,93,0.39,2,55,56,47,34.3,High
VET1536,51,41,91,0.21,5,51,39,59,32.1,High
VET1537,84,77,48,0.45,4,37,90,50,30.3,High
VET1538,41,56,72,0.12,4,62,80,91,26.6,High
VET1539,66,74,49,0.19,4,31,39,39,21.5,Medium
VET1540,70,73,97,0.46,5,59,35,42,34.4,High
VET1541,90,62,73,0.2,3,76,91,38,19.6,Medium
VET1542,90,69,52,0.19,2,49,34,97,17.7,Medium
VET1543,75,91,31,0.16,3,89,99,68,14.8,Medium
VET1544,75,47,51,0.44,5,47,92,53,37.6,High
VET1545,65,61,86,0.3,4,72,85,63,29.8,High
VET1546,82,83,36,0.37,2,86,88,90,25.5,High
VET1547,66,97,85,0.2,1,39,92,70,17.4,Medium
VET1548,44,75,96,0.4,1,53,88,34,36.2,High
VET1549,59,44,45,0.4,3,85,80,79,39.4,High
VET1550,50,52,80,0.23,4,33,79,33,31.1,High
VET1551,49,68,41,0.26,1,66,33,80,29.6,High
VET1552,79,70,82,0.18,3,33,77,81,19.2,Medium
VET1553,77,86,34,0.49,5,42,61,68,31.9,High
VET1554,45,96,56,0.36,3,54,80,37,29.8,High
VET1555,47,94,41,0.47,3,42,81,74,35.3,High
VET1556,62,55,46,0.22,3,47,63,57,27.6,High
VET1557,86,81,35,0.41,2,88,65,56,27.1,High
VET1558,65,69,34,0.41,3,53,99,94,33.7,High
VET1559,85,96,86,0.38,3,31,72,63,22.8,Medium
VET1560,82,94,57,0.49,2,77,45,91,29.3,High
VET1561,51,55,98,0.26,2,62,88,91,31.8,High
VET1562,65,51,88,0.15,5,87,82,67,24.3,Medium
VET1563,52,56,62,0.37,4,48,48,55,36.9,High
VET1564,79,55,91,0.39,1,38,70,53,32.7,High
VET1565,57,51,79,0.33,1,57,76,68,34.9,High
VET1566,64,47,48,0.18,3,64,83,50,26.8,High
VET1567,72,59,98,0.3,5,86,84,76,28.8,High
VET1568,86,42,95,0.22,3,68,48,77,25.4,High
VET1569,79,55,76,0.27,1,39,91,42,26.7,High
VET1570,99,69,68,0.36,2,30,88,32,24.4,Medium
VET1571,82,84,97,0.4,4,71,94,61,26.8,High
VET1572,51,62,62,0.19,5,50,97,64,26.9,High
VET1573,83,67,42,0.26,2,38,57,48,23.0,Medium
VET1574,75,90,83,0.21,4,89,47,43,17.5,Medium
VET1575,87,79,36,0.18,5,76,55,77,15.8,Medium
VET1576,43,93,43,0.41,5,44,48,97,33.3,High
VET1577,44,44,48,0.46,1,64,84,74,45.4,High
VET1578,95,59,83,0.25,2,86,86,48,21.7,Medium
VET1579,76,79,49,0.4,5,34,35,93,29.0,High
VET1580,47,95,58,0.46,5,70,30,95,34.6,High
VET1581,81,83,53,0.44,4,87,37,95,29.2,High
VET1582,88,40,92,0.17,1,51,80,74,22.9,Medium
VET1583,67,96,86,0.48,3,70,54,96,31.4,High
VET1584,70,69,37,0.25,1,52,76,98,24.7,Medium
VET1585,97,60,91,0.24,3,36,84,32,20.6,Medium
VET1586,48,59,58,0.12,2,85,93,67,24.6,Medium
VET1587,93,45,46,0.29,2,52,39,71,26.9,High
VET1588,90,61,95,0.14,5,73,85,69,16.8,Medium
VET1589,68,57,35,0.2,2,54,41,79,25.0,High
VET1590,53,47,87,0.23,5,56,62,64,31.5,High
VET1591,79,78,98,0.42,1,70,46,53,29.6,High
VET1592,80,71,57,0.45,2,35,90,46,32.3,High
VET1593,61,72,91,0.22,1,84,39,69,24.4,Medium
VET1594,50,92,70,0.44,1,63,60,95,33.6,High
VET1595,62,55,98,0.44,2,38,89,73,38.6,High
VET1596,40,51,70,0.41,1,89,99,52,42.3,High
VET1597,85,77,78,0.16,2,78,46,35,15.6,Medium
VET1598,76,91,78,0.38,2,62,79,95,25.6,High
VET1599,60,73,32,0.48,2,80,66,50,37.4,High
VET1600,65,53,39,0.37,3,89,91,64,34.9,High
VET1601,85,75,64,0.23,1,35,58,58,19.5,Medium
VET1602,75,72,31,0.3,4,66,61,36,25.6,High
VET1603,93,62,53,0.36,2,60,40,82,27.0,High
VET1604,62,89,67,0.3,1,63,35,66,24.8,Medium
VET1605,96,84,51,0.15,5,70,64,52,11.5,Medium
VET1606,40,41,55,0.22,2,58,62,37,34.8,High
VET1607,93,80,72,0.42,2,87,47,77,26.4,High
VET1608,94,60,84,0.44,4,43,66,39,31.2,High
VET1609,90,41,68,0.15,3,65,42,53,21.3,Medium
VET1610,79,66,58,0.48,3,65,93,76,35.0,High
VET1611,54,96,49,0.23,2,82,30,82,21.5,Medium
VET1612,60,48,70,0.36,1,44,92,68,36.4,High
VET1613,86,40,83,0.4,5,37,63,96,34.8,High
VET1614,48,50,49,0.42,5,55,39,95,41.4,High
VET1615,92,42,48,0.48,1,65,36,35,37.2,High
VET1616,48,91,95,0.23,2,77,85,50,23.7,Medium
VET1617,49,62,59,0.44,5,50,66,65,39.8,High
VET1618,91,65,82,0.15,3,57,58,32,16.3,Medium
VET1619,96,43,63,0.38,1,33,41,71,31.2,High
VET1620,92,57,51,0.4,4,45,46,74,30.2,High
VET1621,65,94,96,0.37,2,51,77,73,26.7,High
VET1622,80,45,35,0.2,1,41,55,62,25.0,High
VET1623,74,74,56,0.45,5,45,41,89,32.9,High
VET1624,91,61,39,0.17,2,80,50,99,18.1,Medium
VET1625,64,82,77,0.12,3,69,71,55,16.8,Medium
VET1626,65,54,99,0.39,2,67,90,50,35.7,High
VET1627,50,61,88,0.29,2,71,87,31,32.3,High
VET1628,77,99,88,0.44,3,66,83,76,26.8,High
VET1629,41,76,31,0.25,3,58,63,59,29.1,High
VET1630,46,91,58,0.17,2,47,36,56,21.1,Medium
VET1631,57,81,97,0.43,3,39,64,49,33.9,High
VET1632,66,51,94,0.32,1,71,44,79,32.6,High
VET1633,73,86,55,0.18,3,68,94,52,17.2,Medium
VET1634,66,88,39,0.39,3,47,54,42,28.7,High
VET1635,56,81,82,0.3,2,30,88,33,27.6,High
VET1636,82,77,88,0.34,1,68,35,43,25.2,High
VET1637,98,57,51,0.28,4,50,81,49,23.0,Medium
VET1638,83,84,80,0.43,4,30,50,42,28.1,High
VET1639,98,74,77,0.43,5,44,61,32,27.1,High
VET1640,90,69,50,0.38,3,33,82,76,27.2,High
VET1641,93,63,51,0.14,3,89,88,32,15.8,Medium
VET1642,63,81,59,0.44,1,49,98,30,33.2,High
VET1643,64,69,54,0.37,4,39,91,53,31.9,High
VET1644,46,53,57,0.38,5,52,33,64,39.2,High
VET1645,91,45,94,0.25,1,70,47,43,25.3,High
VET1646,45,42,74,0.45,3,63,85,96,45.1,High
VET1647,92,55,97,0.39,4,89,53,42,30.1,High
VET1648,63,46,36,0.15,5,75,95,76,25.7,High
VET1649,72,91,78,0.26,2,77,42,79,20.4,Medium
VET1650,88,53,38,0.45,4,62,91,55,34.3,High
VET1651,68,48,65,0.12,5,63,83,32,22.8,Medium
VET1652,82,54,30,0.48,1,68,44,80,36.8,High
VET1653,61,60,39,0.37,2,39,98,69,34.3,High
VET1654,65,74,65,0.35,5,83,32,97,29.7,High
VET1655,67,41,75,0.21,5,49,66,65,28.9,High
VET1656,89,66,61,0.2,3,30,66,80,19.0,Medium
VET1657,60,41,61,0.48,4,42,32,30,43.8,High
VET1658,88,74,35,0.22,3,30,92,62,18.6,Medium
VET1659,46,57,77,0.41,2,34,64,36,39.9,High
VET1660,56,53,67,0.26,5,45,81,81,31.2,High
VET1661,59,59,46,0.16,3,44,57,40,24.4,Medium
VET1662,80,57,56,0.1,4,78,47,56,17.6,Medium
VET1663,88,49,83,0.32,2,57,65,43,28.6,High
VET1664,59,64,79,0.49,1,60,62,75,39.9,High
VET1665,93,41,64,0.25,3,52,93,39,25.7,High
VET1666,61,64,54,0.24,2,77,55,53,27.0,High
VET1667,67,93,57,0.24,1,74,77,90,20.0,Medium
VET1668,79,72,44,0.31,3,72,69,47,25.3,High
VET1669,88,75,33,0.28,2,46,46,38,21.4,Medium
VET1670,46,70,56,0.45,2,78,69,46,39.3,High
VET1671,40,53,55,0.3,3,63,36,87,36.4,High
VET1672,71,40,48,0.3,2,42,86,42,32.8,High
VET1673,52,85,46,0.16,5,43,37,79,20.6,Medium
VET1674,69,55,72,0.49,3,40,85,35,39.7,High
VET1675,62,93,70,0.2,2,57,60,80,19.0,Medium
VET1676,90,85,71,0.13,1,71,88,65,11.5,Medium
VET1677,98,91,79,0.37,1,61,87,54,20.7,Medium
VET1678,95,42,69,0.34,5,64,41,40,29.6,High
VET1679,58,74,68,0.27,3,88,77,73,27.1,High
VET1680,71,80,52,0.27,2,60,60,43,23.3,Medium
VET1681,69,45,81,0.41,2,46,92,58,37.7,High
VET1682,68,64,76,0.18,1,76,68,79,22.6,Medium
VET1683,88,52,92,0.43,5,38,49,34,33.5,High
VET1684,84,92,98,0.36,1,39,77,98,22.8,Medium
VET1685,68,73,72,0.27,1,37,83,86,25.3,High
VET1686,69,47,77,0.28,5,50,58,55,30.8,High
VET1687,55,60,63,0.2,3,42,77,35,27.0,High
VET1688,79,73,69,0.4,2,88,85,45,29.6,High
VET1689,58,43,90,0.31,3,79,46,89,35.3,High
VET1690,57,64,79,0.23,4,34,38,41,27.3,High
VET1691,40,54,96,0.34,4,35,63,32,38.2,High
VET1692,53,43,91,0.5,4,59,74,92,45.8,High
